2025-08-01T08:34:45Z,SCADA-006,SCADA,sensor_reading,T157,58.0,info,192.168.1.11
2025-08-01T08:34:45Z,SCADA-006,SCADA,sensor_reading,T157,58.0,info,192.168.1.11
2025-08-01T08:22:52Z,SCADA-001,SCADA,valve_status,T111,override,critical,192.168.99.99
2025-08-01T08:52:36Z,SCADA-002,SCADA,sensor_reading,T133,open,info,192.168.5.174
2025-08-01T08:44:24Z,SCADA-009,SCADA,logic_change,T146,override,info,192.168.4.179
2025-08-01T08:15:20Z,SCADA-004,SCADA,sensor_reading,T134,override,critical,10.0.0.254
2025-08-01T08:46:49Z,SCADA-003,SCADA,logic_change,T123,override,critical,10.0.0.254
2025-08-01T08:43:52Z,SCADA-006,SCADA,sensor_reading,T123,open,info,192.168.5.195
2025-08-01T08:41:48Z,SCADA-008,SCADA,sensor_reading,T124,override,critical,192.168.99.99
2025-08-01T08:51:16Z,SCADA-004,SCADA,sensor_reading,T128,open,info,192.168.3.74
2025-08-01T09:00:08Z,SCADA-002,SCADA,valve_status,T132,closed,info,192.168.2.40
2025-08-01T08:23:30Z,SCADA-003,SCADA,valve_status,T196,36.9,info,192.168.5.166
2025-08-01T08:18:32Z,SCADA-005,SCADA,logic_change,T119,open,info,192.168.5.130
2025-08-01T08:37:53Z,SCADA-007,SCADA,logic_change,T147,override,critical,192.168.99.99
2025-08-01T08:06:39Z,SCADA-001,SCADA,logic_change,T189,override,critical,192.168.99.99
2025-08-01T08:10:26Z,SCADA-006,SCADA,valve_status,T156,closed,info,192.168.1.114
2025-08-01T08:07:20Z,SCADA-009,SCADA,sensor_reading,T126,46.9,info,192.168.3.59
2025-08-01T08:44:32Z,SCADA-009,SCADA,sensor_reading,T149,open,info,192.168.2.253
2025-08-01T08:43:24Z,SCADA-010,SCADA,valve_status,T143,override,critical,10.0.0.254
2025-08-01T08:19:07Z,SCADA-004,SCADA,sensor_reading,T116,override,critical,10.0.0.254
2025-08-01T08:46:57Z,SCADA-009,SCADA,logic_change,T167,override,critical,192.168.99.99
2025-08-01T08:13:39Z,SCADA-005,SCADA,sensor_reading,T103,override,critical,192.168.99.99
2025-08-01T08:27:33Z,SCADA-005,SCADA,sensor_reading,T108,override,info,192.168.1.252
2025-08-01T08:01:46Z,SCADA-002,SCADA,sensor_reading,T112,override,critical,192.168.99.99
2025-08-01T08:56:42Z,SCADA-001,SCADA,sensor_reading,T125,override,info,192.168.1.117
2025-08-01T08:47:46Z,SCADA-005,SCADA,valve_status,T127,override,critical,192.168.99.99
2025-08-01T08:21:40Z,SCADA-005,SCADA,logic_change,T135,closed,info,192.168.4.225
2025-08-01T08:32:07Z,SCADA-002,SCADA,valve_status,T163,closed,info,192.168.4.78
2025-08-01T08:34:16Z,SCADA-009,SCADA,sensor_reading,T119,open,info,192.168.4.103
2025-08-01T08:38:06Z,SCADA-001,SCADA,valve_status,T194,override,critical,10.0.0.254
2025-08-01T08:13:04Z,SCADA-007,SCADA,logic_change,T109,97.8,info,192.168.3.115
2025-08-01T08:05:36Z,SCADA-002,SCADA,logic_change,T193,override,critical,192.168.99.99
2025-08-01T08:06:15Z,SCADA-006,SCADA,logic_change,T194,override,critical,10.0.0.254
2025-08-01T08:35:32Z,SCADA-003,SCADA,logic_change,T112,closed,info,192.168.0.55
2025-08-01T08:58:17Z,SCADA-004,SCADA,sensor_reading,T189,72.2,info,192.168.3.83
2025-08-01T08:14:03Z,SCADA-002,SCADA,valve_status,T151,closed,info,192.168.3.51
2025-08-01T08:14:15Z,SCADA-005,SCADA,valve_status,T175,46.0,info,192.168.4.176
2025-08-01T08:02:09Z,SCADA-006,SCADA,valve_status,T164,override,critical,192.168.99.99
2025-08-01T08:45:34Z,SCADA-010,SCADA,logic_change,T140,override,critical,10.0.0.254
2025-08-01T08:06:07Z,SCADA-005,SCADA,sensor_reading,T156,open,info,192.168.5.172
2025-08-01T08:42:15Z,SCADA-007,SCADA,logic_change,T173,open,info,192.168.3.17
2025-08-01T08:38:43Z,SCADA-002,SCADA,logic_change,T123,closed,info,192.168.5.236
2025-08-01T08:19:12Z,SCADA-007,SCADA,valve_status,T123,override,critical,10.0.0.254
2025-08-01T08:33:15Z,SCADA-009,SCADA,valve_status,T188,override,critical,10.0.0.254
2025-08-01T08:27:39Z,SCADA-010,SCADA,sensor_reading,T153,override,critical,10.0.0.254
2025-08-01T08:32:24Z,SCADA-009,SCADA,sensor_reading,T145,override,critical,192.168.99.99
2025-08-01T08:31:11Z,SCADA-004,SCADA,valve_status,T114,96.8,info,192.168.3.68
2025-08-01T09:01:55Z,SCADA-002,SCADA,valve_status,T165,closed,info,192.168.3.135
2025-08-01T08:59:02Z,SCADA-005,SCADA,valve_status,T182,override,critical,192.168.99.99
2025-08-01T08:02:17Z,SCADA-006,SCADA,valve_status,T179,override,critical,10.0.0.254
2025-08-01T08:41:12Z,SCADA-005,SCADA,logic_change,T100,override,critical,10.0.0.254
2025-08-01T08:10:17Z,SCADA-001,SCADA,valve_status,T149,override,critical,10.0.0.254
2025-08-01T08:53:03Z,SCADA-002,SCADA,sensor_reading,T193,override,info,192.168.2.111
2025-08-01T08:24:32Z,SCADA-001,SCADA,logic_change,T172,override,critical,192.168.99.99
2025-08-01T08:39:51Z,SCADA-002,SCADA,sensor_reading,T106,open,info,192.168.2.98
2025-08-01T08:43:18Z,SCADA-010,SCADA,valve_status,T112,override,critical,10.0.0.254
2025-08-01T08:31:02Z,SCADA-007,SCADA,valve_status,T121,override,critical,10.0.0.254
2025-08-01T08:57:02Z,SCADA-006,SCADA,sensor_reading,T105,override,critical,192.168.99.99
2025-08-01T08:23:01Z,SCADA-008,SCADA,sensor_reading,T137,open,info,192.168.2.92
2025-08-01T08:10:08Z,SCADA-001,SCADA,sensor_reading,T131,override,critical,192.168.99.99
2025-08-01T08:57:49Z,SCADA-010,SCADA,sensor_reading,T124,override,critical,10.0.0.254
2025-08-01T08:08:13Z,SCADA-006,SCADA,logic_change,T135,open,info,192.168.1.252
2025-08-01T08:49:23Z,SCADA-003,SCADA,valve_status,T160,closed,info,192.168.1.59
2025-08-01T08:03:17Z,SCADA-003,SCADA,sensor_reading,T160,closed,info,192.168.2.115
2025-08-01T08:04:31Z,SCADA-009,SCADA,valve_status,T145,override,critical,192.168.99.99
2025-08-01T08:12:51Z,SCADA-007,SCADA,logic_change,T149,override,critical,10.0.0.254
2025-08-01T08:33:58Z,SCADA-004,SCADA,logic_change,T189,override,info,192.168.4.38
2025-08-01T08:57:10Z,SCADA-003,SCADA,logic_change,T181,override,critical,10.0.0.254
2025-08-01T08:26:18Z,SCADA-002,SCADA,logic_change,T199,override,critical,192.168.99.99
2025-08-01T08:07:23Z,SCADA-009,SCADA,valve_status,T178,override,critical,10.0.0.254
2025-08-01T08:33:26Z,SCADA-005,SCADA,valve_status,T108,override,info,192.168.5.221
2025-08-01T08:38:59Z,SCADA-003,SCADA,valve_status,T102,closed,info,192.168.4.198
2025-08-01T09:01:27Z,SCADA-005,SCADA,valve_status,T178,override,critical,192.168.99.99
2025-08-01T08:10:59Z,SCADA-009,SCADA,logic_change,T118,closed,info,192.168.0.235
2025-08-01T08:13:54Z,SCADA-006,SCADA,logic_change,T180,override,critical,10.0.0.254
2025-08-01T09:00:07Z,SCADA-006,SCADA,logic_change,T194,override,critical,192.168.99.99
2025-08-01T08:19:56Z,SCADA-004,SCADA,valve_status,T182,override,critical,192.168.99.99
2025-08-01T08:44:52Z,SCADA-009,SCADA,valve_status,T179,override,critical,10.0.0.254
2025-08-01T08:36:58Z,SCADA-003,SCADA,logic_change,T198,override,critical,10.0.0.254
2025-08-01T08:55:48Z,SCADA-008,SCADA,sensor_reading,T156,59.2,info,192.168.4.113
2025-08-01T08:04:15Z,SCADA-007,SCADA,valve_status,T171,open,info,192.168.3.216
2025-08-01T08:26:18Z,SCADA-005,SCADA,valve_status,T137,28.3,info,192.168.0.131
2025-08-01T08:54:19Z,SCADA-002,SCADA,valve_status,T134,override,critical,192.168.99.99
2025-08-01T08:33:37Z,SCADA-009,SCADA,logic_change,T143,override,critical,192.168.99.99
2025-08-01T08:38:18Z,SCADA-006,SCADA,sensor_reading,T128,36.0,info,192.168.3.2
2025-08-01T08:21:32Z,SCADA-008,SCADA,sensor_reading,T102,87.1,info,192.168.0.251
2025-08-01T08:51:11Z,SCADA-010,SCADA,logic_change,T175,override,info,192.168.0.98
2025-08-01T08:06:51Z,SCADA-008,SCADA,sensor_reading,T192,override,critical,192.168.99.99
2025-08-01T08:17:19Z,SCADA-010,SCADA,logic_change,T127,46.9,info,192.168.4.221
2025-08-01T08:21:59Z,SCADA-003,SCADA,valve_status,T165,60.6,info,192.168.1.225
2025-08-01T08:27:32Z,SCADA-003,SCADA,logic_change,T169,override,critical,192.168.99.99
2025-08-01T08:26:01Z,SCADA-005,SCADA,logic_change,T156,override,critical,192.168.99.99
2025-08-01T08:46:43Z,SCADA-007,SCADA,valve_status,T163,override,critical,192.168.99.99
2025-08-01T08:30:01Z,SCADA-006,SCADA,sensor_reading,T133,override,info,192.168.5.149
2025-08-01T08:04:24Z,SCADA-003,SCADA,sensor_reading,T155,override,critical,192.168.99.99
2025-08-01T08:24:48Z,SCADA-004,SCADA,logic_change,T187,override,critical,192.168.99.99
2025-08-01T08:32:49Z,SCADA-007,SCADA,valve_status,T182,closed,info,192.168.3.118
2025-08-01T08:26:45Z,SCADA-003,SCADA,sensor_reading,T118,override,critical,10.0.0.254
2025-08-01T08:33:56Z,SCADA-007,SCADA,logic_change,T120,override,critical,192.168.99.99
2025-08-01T08:37:53Z,SCADA-004,SCADA,sensor_reading,T182,override,info,192.168.5.151
2025-08-01T08:34:07Z,SCADA-010,SCADA,sensor_reading,T106,override,info,192.168.0.96
2025-08-01T08:35:54Z,SCADA-002,SCADA,valve_status,T101,override,critical,10.0.0.254
2025-08-01T08:53:03Z,SCADA-006,SCADA,sensor_reading,T144,override,critical,10.0.0.254
2025-08-01T08:16:51Z,SCADA-007,SCADA,valve_status,T134,override,critical,192.168.99.99
2025-08-01T08:51:30Z,SCADA-004,SCADA,logic_change,T168,override,critical,192.168.99.99
2025-08-01T08:14:46Z,SCADA-010,SCADA,sensor_reading,T114,override,critical,10.0.0.254
2025-08-01T08:33:14Z,SCADA-009,SCADA,valve_status,T106,open,info,192.168.5.235
2025-08-01T08:13:17Z,SCADA-004,SCADA,logic_change,T135,closed,info,192.168.4.24
2025-08-01T08:42:05Z,SCADA-002,SCADA,sensor_reading,T112,21.8,info,192.168.3.242
2025-08-01T08:00:14Z,SCADA-008,SCADA,sensor_reading,T191,closed,info,192.168.3.70
2025-08-01T08:07:14Z,SCADA-005,SCADA,valve_status,T116,22.3,info,192.168.0.248
2025-08-01T08:30:44Z,SCADA-008,SCADA,valve_status,T131,open,info,192.168.3.164
2025-08-01T08:14:55Z,SCADA-006,SCADA,valve_status,T157,override,critical,10.0.0.254
2025-08-01T08:22:03Z,SCADA-009,SCADA,sensor_reading,T113,override,critical,10.0.0.254
2025-08-01T08:32:14Z,SCADA-007,SCADA,valve_status,T167,override,critical,10.0.0.254
2025-08-01T08:11:25Z,SCADA-008,SCADA,sensor_reading,T159,override,critical,10.0.0.254
2025-08-01T08:17:27Z,SCADA-002,SCADA,valve_status,T159,closed,info,192.168.1.60
2025-08-01T08:38:36Z,SCADA-009,SCADA,logic_change,T194,override,critical,10.0.0.254
2025-08-01T08:17:06Z,SCADA-010,SCADA,sensor_reading,T112,override,critical,192.168.99.99
2025-08-01T08:42:44Z,SCADA-002,SCADA,logic_change,T149,override,info,192.168.5.72
2025-08-01T08:28:45Z,SCADA-001,SCADA,valve_status,T141,override,critical,10.0.0.254
2025-08-01T08:20:34Z,SCADA-001,SCADA,valve_status,T121,closed,info,192.168.1.12
2025-08-01T08:39:25Z,SCADA-003,SCADA,sensor_reading,T141,override,critical,192.168.99.99
2025-08-01T08:13:44Z,SCADA-007,SCADA,logic_change,T138,override,critical,10.0.0.254
2025-08-01T08:25:50Z,SCADA-010,SCADA,valve_status,T169,56.7,info,192.168.0.154
2025-08-01T08:42:54Z,SCADA-008,SCADA,sensor_reading,T105,override,critical,10.0.0.254
2025-08-01T08:59:43Z,SCADA-007,SCADA,sensor_reading,T132,override,critical,192.168.99.99
2025-08-01T08:38:55Z,SCADA-008,SCADA,valve_status,T104,override,critical,192.168.99.99
2025-08-01T08:10:27Z,SCADA-003,SCADA,sensor_reading,T107,override,critical,192.168.99.99
2025-08-01T08:46:23Z,SCADA-009,SCADA,valve_status,T195,override,critical,10.0.0.254
2025-08-01T08:14:51Z,SCADA-009,SCADA,sensor_reading,T136,98.7,info,192.168.3.142
2025-08-01T08:55:52Z,SCADA-010,SCADA,valve_status,T166,override,critical,10.0.0.254
2025-08-01T08:56:34Z,SCADA-002,SCADA,sensor_reading,T166,closed,info,192.168.0.231
2025-08-01T08:46:00Z,SCADA-006,SCADA,valve_status,T197,override,info,192.168.0.12
2025-08-01T09:03:01Z,SCADA-004,SCADA,valve_status,T169,override,critical,192.168.99.99
2025-08-01T08:48:31Z,SCADA-001,SCADA,sensor_reading,T165,closed,info,192.168.0.168
2025-08-01T08:41:27Z,SCADA-003,SCADA,valve_status,T157,override,critical,192.168.99.99
2025-08-01T08:00:06Z,SCADA-005,SCADA,sensor_reading,T170,override,info,192.168.2.26
2025-08-01T08:45:07Z,SCADA-005,SCADA,logic_change,T174,override,critical,10.0.0.254
2025-08-01T08:56:37Z,SCADA-003,SCADA,sensor_reading,T113,override,critical,10.0.0.254
2025-08-01T08:22:39Z,SCADA-009,SCADA,sensor_reading,T170,override,critical,10.0.0.254
2025-08-01T08:48:22Z,SCADA-002,SCADA,logic_change,T100,override,critical,10.0.0.254
2025-08-01T08:16:28Z,SCADA-003,SCADA,sensor_reading,T169,override,critical,192.168.99.99
2025-08-01T08:04:31Z,SCADA-003,SCADA,logic_change,T153,open,info,192.168.1.135
2025-08-01T08:39:38Z,SCADA-007,SCADA,sensor_reading,T147,closed,info,192.168.1.212
2025-08-01T08:27:16Z,SCADA-001,SCADA,valve_status,T127,override,critical,10.0.0.254
2025-08-01T08:03:50Z,SCADA-005,SCADA,sensor_reading,T181,94.2,info,192.168.4.226
2025-08-01T08:37:47Z,SCADA-007,SCADA,sensor_reading,T189,91.7,info,192.168.3.168
2025-08-01T08:28:57Z,SCADA-001,SCADA,logic_change,T117,open,info,192.168.1.74
2025-08-01T08:05:16Z,SCADA-005,SCADA,sensor_reading,T110,override,critical,192.168.99.99
2025-08-01T08:01:14Z,SCADA-009,SCADA,sensor_reading,T182,closed,info,192.168.5.237
2025-08-01T09:00:45Z,SCADA-001,SCADA,sensor_reading,T153,override,critical,10.0.0.254
2025-08-01T08:39:12Z,SCADA-010,SCADA,sensor_reading,T149,closed,info,192.168.5.206
2025-08-01T08:00:08Z,SCADA-004,SCADA,sensor_reading,T161,override,critical,192.168.99.99
2025-08-01T08:20:16Z,SCADA-009,SCADA,logic_change,T120,91.9,info,192.168.4.130
2025-08-01T08:20:01Z,SCADA-009,SCADA,sensor_reading,T168,override,info,192.168.0.145
2025-08-01T08:49:17Z,SCADA-001,SCADA,sensor_reading,T147,override,critical,192.168.99.99
2025-08-01T08:39:02Z,SCADA-010,SCADA,sensor_reading,T128,override,critical,192.168.99.99
2025-08-01T08:41:55Z,SCADA-005,SCADA,sensor_reading,T122,82.4,info,192.168.5.159
2025-08-01T08:23:20Z,SCADA-005,SCADA,logic_change,T154,open,info,192.168.0.218
2025-08-01T08:23:10Z,SCADA-010,SCADA,sensor_reading,T144,override,critical,192.168.99.99
2025-08-01T08:37:30Z,SCADA-009,SCADA,sensor_reading,T160,open,info,192.168.0.60
2025-08-01T08:38:49Z,SCADA-004,SCADA,sensor_reading,T138,override,critical,10.0.0.254
2025-08-01T08:10:35Z,SCADA-006,SCADA,logic_change,T159,override,critical,10.0.0.254
2025-08-01T08:25:25Z,SCADA-005,SCADA,logic_change,T103,override,critical,192.168.99.99
2025-08-01T08:49:40Z,SCADA-002,SCADA,valve_status,T161,open,info,192.168.2.103
2025-08-01T08:01:31Z,SCADA-002,SCADA,sensor_reading,T169,open,info,192.168.2.121
2025-08-01T08:27:01Z,SCADA-001,SCADA,valve_status,T123,override,critical,10.0.0.254
2025-08-01T08:01:23Z,SCADA-003,SCADA,logic_change,T179,override,info,192.168.3.25
2025-08-01T08:53:44Z,SCADA-009,SCADA,logic_change,T181,open,info,192.168.3.55
2025-08-01T08:57:26Z,SCADA-009,SCADA,valve_status,T127,override,critical,10.0.0.254
2025-08-01T08:48:41Z,SCADA-009,SCADA,logic_change,T184,47.9,info,192.168.3.183
2025-08-01T08:49:08Z,SCADA-002,SCADA,valve_status,T161,override,critical,10.0.0.254
2025-08-01T08:40:04Z,SCADA-009,SCADA,sensor_reading,T104,override,critical,192.168.99.99
2025-08-01T08:56:18Z,SCADA-006,SCADA,valve_status,T109,override,critical,10.0.0.254
2025-08-01T08:21:07Z,SCADA-010,SCADA,valve_status,T127,override,critical,10.0.0.254
2025-08-01T08:04:53Z,SCADA-004,SCADA,valve_status,T171,64.6,info,192.168.1.185
2025-08-01T08:13:55Z,SCADA-001,SCADA,logic_change,T115,override,info,192.168.2.186
2025-08-01T08:15:36Z,SCADA-009,SCADA,valve_status,T185,override,info,192.168.5.16
2025-08-01T08:13:22Z,SCADA-008,SCADA,sensor_reading,T113,override,critical,10.0.0.254
2025-08-01T08:43:08Z,SCADA-005,SCADA,logic_change,T148,open,info,192.168.5.114
2025-08-01T09:00:01Z,SCADA-008,SCADA,valve_status,T129,closed,info,192.168.1.105
2025-08-01T08:21:00Z,SCADA-006,SCADA,sensor_reading,T170,closed,info,192.168.0.17
2025-08-01T08:43:04Z,SCADA-002,SCADA,logic_change,T162,override,critical,10.0.0.254
2025-08-01T08:50:09Z,SCADA-003,SCADA,valve_status,T140,open,info,192.168.0.158
2025-08-01T08:15:18Z,SCADA-009,SCADA,valve_status,T100,open,info,192.168.0.30
2025-08-01T08:44:28Z,SCADA-006,SCADA,sensor_reading,T147,override,critical,10.0.0.254
2025-08-01T08:00:27Z,SCADA-006,SCADA,valve_status,T183,override,critical,192.168.99.99
2025-08-01T08:04:58Z,SCADA-003,SCADA,valve_status,T111,open,info,192.168.5.170
2025-08-01T08:36:33Z,SCADA-007,SCADA,sensor_reading,T172,override,critical,192.168.99.99
2025-08-01T09:03:31Z,SCADA-004,SCADA,sensor_reading,T146,override,critical,10.0.0.254
2025-08-01T08:32:17Z,SCADA-008,SCADA,valve_status,T179,open,info,192.168.2.172
2025-08-01T08:22:16Z,SCADA-008,SCADA,valve_status,T170,override,critical,192.168.99.99
2025-08-01T08:25:29Z,SCADA-008,SCADA,logic_change,T164,open,info,192.168.0.134
2025-08-01T08:26:51Z,SCADA-005,SCADA,valve_status,T195,override,critical,10.0.0.254
2025-08-01T08:49:53Z,SCADA-009,SCADA,logic_change,T176,override,critical,10.0.0.254
2025-08-01T08:32:43Z,SCADA-005,SCADA,sensor_reading,T125,override,critical,192.168.99.99
2025-08-01T08:59:34Z,SCADA-003,SCADA,logic_change,T155,override,info,192.168.2.237
2025-08-01T09:02:01Z,SCADA-001,SCADA,sensor_reading,T121,override,critical,192.168.99.99
2025-08-01T08:15:41Z,SCADA-001,SCADA,valve_status,T142,override,info,192.168.5.229
2025-08-01T08:44:45Z,SCADA-005,SCADA,sensor_reading,T190,override,critical,10.0.0.254
2025-08-01T08:45:27Z,SCADA-009,SCADA,logic_change,T169,open,info,192.168.4.32
2025-08-01T08:24:38Z,SCADA-006,SCADA,valve_status,T192,override,critical,192.168.99.99
2025-08-01T08:58:10Z,SCADA-008,SCADA,logic_change,T184,override,critical,10.0.0.254
2025-08-01T08:14:25Z,SCADA-001,SCADA,logic_change,T168,override,info,192.168.2.80
2025-08-01T08:52:31Z,SCADA-007,SCADA,sensor_reading,T134,override,info,192.168.4.210
2025-08-01T08:50:29Z,SCADA-005,SCADA,sensor_reading,T113,open,info,192.168.4.35
2025-08-01T08:17:53Z,SCADA-006,SCADA,logic_change,T161,override,critical,192.168.99.99
2025-08-01T08:08:11Z,SCADA-005,SCADA,valve_status,T147,override,critical,192.168.99.99
2025-08-01T08:19:11Z,SCADA-010,SCADA,valve_status,T173,open,info,192.168.5.193
2025-08-01T08:06:42Z,SCADA-009,SCADA,sensor_reading,T132,70.7,info,192.168.2.211
2025-08-01T08:31:45Z,SCADA-003,SCADA,sensor_reading,T180,override,critical,192.168.99.99
2025-08-01T08:34:15Z,SCADA-001,SCADA,sensor_reading,T168,override,critical,10.0.0.254
2025-08-01T09:01:47Z,SCADA-004,SCADA,valve_status,T109,closed,info,192.168.5.94
2025-08-01T08:11:57Z,SCADA-001,SCADA,valve_status,T179,closed,info,192.168.5.17
2025-08-01T08:48:17Z,SCADA-007,SCADA,logic_change,T165,28.3,info,192.168.5.253
2025-08-01T08:17:11Z,SCADA-001,SCADA,valve_status,T120,override,info,192.168.2.128
2025-08-01T08:23:50Z,SCADA-008,SCADA,sensor_reading,T198,override,critical,192.168.99.99
2025-08-01T08:23:06Z,SCADA-008,SCADA,sensor_reading,T115,open,info,192.168.0.111
2025-08-01T08:11:41Z,SCADA-008,SCADA,valve_status,T133,override,critical,192.168.99.99
2025-08-01T08:38:13Z,SCADA-005,SCADA,sensor_reading,T186,open,info,192.168.0.249
2025-08-01T08:14:32Z,SCADA-006,SCADA,valve_status,T138,override,info,192.168.0.198
2025-08-01T08:10:03Z,SCADA-008,SCADA,sensor_reading,T105,closed,info,192.168.2.219
2025-08-01T08:18:21Z,SCADA-008,SCADA,logic_change,T136,50.7,info,192.168.1.4
2025-08-01T08:50:37Z,SCADA-007,SCADA,valve_status,T188,open,info,192.168.2.51
2025-08-01T09:02:11Z,SCADA-002,SCADA,valve_status,T182,override,critical,10.0.0.254
2025-08-01T08:32:27Z,SCADA-002,SCADA,sensor_reading,T104,override,info,192.168.1.36
2025-08-01T08:51:25Z,SCADA-005,SCADA,sensor_reading,T126,override,info,192.168.1.138
2025-08-01T08:12:39Z,SCADA-007,SCADA,valve_status,T170,open,info,192.168.2.175
2025-08-01T08:58:17Z,SCADA-005,SCADA,sensor_reading,T143,override,critical,192.168.99.99
2025-08-01T08:51:41Z,SCADA-003,SCADA,logic_change,T194,23.3,info,192.168.2.187
2025-08-01T08:43:45Z,SCADA-008,SCADA,sensor_reading,T128,override,info,192.168.0.212
2025-08-01T08:23:40Z,SCADA-009,SCADA,logic_change,T154,override,critical,10.0.0.254
2025-08-01T08:40:48Z,SCADA-006,SCADA,valve_status,T167,override,critical,10.0.0.254
2025-08-01T08:07:08Z,SCADA-007,SCADA,valve_status,T158,closed,info,192.168.5.30
2025-08-01T08:37:35Z,SCADA-001,SCADA,valve_status,T179,override,critical,192.168.99.99
2025-08-01T08:32:33Z,SCADA-008,SCADA,sensor_reading,T155,override,critical,192.168.99.99
2025-08-01T08:12:05Z,SCADA-005,SCADA,valve_status,T195,closed,info,192.168.3.210
2025-08-01T08:44:13Z,SCADA-004,SCADA,logic_change,T194,override,critical,10.0.0.254
2025-08-01T08:41:01Z,SCADA-003,SCADA,valve_status,T124,override,critical,10.0.0.254
2025-08-01T08:30:49Z,SCADA-008,SCADA,valve_status,T146,closed,info,192.168.0.175
2025-08-01T08:19:23Z,SCADA-006,SCADA,logic_change,T170,override,info,192.168.2.85
2025-08-01T08:57:43Z,SCADA-003,SCADA,logic_change,T135,override,critical,10.0.0.254
2025-08-01T08:49:35Z,SCADA-006,SCADA,sensor_reading,T161,override,info,192.168.2.197
2025-08-01T08:42:39Z,SCADA-004,SCADA,sensor_reading,T132,open,info,192.168.2.252
2025-08-01T08:53:26Z,SCADA-007,SCADA,sensor_reading,T191,override,critical,10.0.0.254
2025-08-01T08:14:30Z,SCADA-003,SCADA,sensor_reading,T183,override,critical,10.0.0.254
2025-08-01T08:55:53Z,SCADA-010,SCADA,logic_change,T155,51.3,info,192.168.5.30
2025-08-01T08:00:00Z,SCADA-003,SCADA,valve_status,T104,closed,info,192.168.5.28
2025-08-01T08:47:53Z,SCADA-008,SCADA,valve_status,T116,98.1,info,192.168.1.63
2025-08-01T08:03:09Z,SCADA-002,SCADA,sensor_reading,T191,open,info,192.168.1.91
2025-08-01T08:06:28Z,SCADA-002,SCADA,valve_status,T125,51.4,info,192.168.4.190
2025-08-01T08:07:16Z,SCADA-001,SCADA,logic_change,T118,override,critical,192.168.99.99
2025-08-01T08:30:24Z,SCADA-002,SCADA,logic_change,T178,closed,info,192.168.1.52
2025-08-01T08:58:26Z,SCADA-008,SCADA,sensor_reading,T169,open,info,192.168.0.70
2025-08-01T08:14:09Z,SCADA-003,SCADA,valve_status,T178,override,critical,10.0.0.254
2025-08-01T08:08:54Z,SCADA-003,SCADA,sensor_reading,T187,open,info,192.168.4.23
2025-08-01T08:56:29Z,SCADA-008,SCADA,logic_change,T142,84.2,info,192.168.4.128
2025-08-01T08:26:10Z,SCADA-001,SCADA,sensor_reading,T175,63.8,info,192.168.1.34
2025-08-01T08:08:20Z,SCADA-002,SCADA,logic_change,T192,93.3,info,192.168.0.11
2025-08-01T08:01:02Z,SCADA-010,SCADA,valve_status,T189,override,critical,10.0.0.254
2025-08-01T08:02:49Z,SCADA-006,SCADA,logic_change,T128,closed,info,192.168.4.93
2025-08-01T08:45:43Z,SCADA-006,SCADA,valve_status,T182,override,critical,192.168.99.99
2025-08-01T08:44:04Z,SCADA-008,SCADA,sensor_reading,T129,closed,info,192.168.0.36
2025-08-01T08:25:14Z,SCADA-005,SCADA,sensor_reading,T161,closed,info,192.168.5.10
2025-08-01T08:49:52Z,SCADA-004,SCADA,sensor_reading,T178,closed,info,192.168.4.250
2025-08-01T08:10:01Z,SCADA-009,SCADA,logic_change,T140,override,critical,192.168.99.99
2025-08-01T08:08:31Z,SCADA-010,SCADA,valve_status,T177,47.3,info,192.168.5.15
2025-08-01T08:47:27Z,SCADA-010,SCADA,logic_change,T197,58.5,info,192.168.2.229
2025-08-01T08:37:16Z,SCADA-003,SCADA,sensor_reading,T124,open,info,192.168.5.42
2025-08-01T09:01:23Z,SCADA-004,SCADA,logic_change,T153,39.0,info,192.168.1.174
2025-08-01T08:47:12Z,SCADA-003,SCADA,sensor_reading,T177,override,critical,192.168.99.99
2025-08-01T08:39:40Z,SCADA-003,SCADA,logic_change,T139,override,critical,192.168.99.99
2025-08-01T08:46:32Z,SCADA-003,SCADA,logic_change,T174,override,critical,10.0.0.254
2025-08-01T08:35:11Z,SCADA-001,SCADA,logic_change,T196,override,critical,192.168.99.99
2025-08-01T08:28:53Z,SCADA-007,SCADA,valve_status,T149,override,critical,192.168.99.99
2025-08-01T08:02:54Z,SCADA-001,SCADA,sensor_reading,T136,29.4,info,192.168.3.36
2025-08-01T08:46:25Z,SCADA-005,SCADA,valve_status,T121,closed,info,192.168.5.79
2025-08-01T08:51:23Z,SCADA-007,SCADA,sensor_reading,T155,override,critical,10.0.0.254
2025-08-01T08:35:36Z,SCADA-006,SCADA,logic_change,T120,override,critical,10.0.0.254
2025-08-01T08:51:04Z,SCADA-004,SCADA,logic_change,T114,53.4,info,192.168.5.25
2025-08-01T08:52:53Z,SCADA-005,SCADA,valve_status,T140,override,info,192.168.3.182
2025-08-01T08:35:09Z,SCADA-010,SCADA,sensor_reading,T118,closed,info,192.168.0.113
2025-08-01T08:18:08Z,SCADA-007,SCADA,valve_status,T121,open,info,192.168.2.219
2025-08-01T08:16:11Z,SCADA-003,SCADA,valve_status,T119,closed,info,192.168.4.195
2025-08-01T08:09:23Z,SCADA-006,SCADA,valve_status,T147,open,info,192.168.1.115
2025-08-01T08:36:27Z,SCADA-010,SCADA,sensor_reading,T163,closed,info,192.168.5.143
2025-08-01T08:34:59Z,SCADA-006,SCADA,sensor_reading,T178,closed,info,192.168.2.55
2025-08-01T08:24:22Z,SCADA-008,SCADA,valve_status,T132,open,info,192.168.5.127
2025-08-01T08:14:08Z,SCADA-004,SCADA,valve_status,T155,closed,info,192.168.1.241
2025-08-01T08:56:00Z,SCADA-003,SCADA,logic_change,T124,override,critical,192.168.99.99
2025-08-01T08:18:54Z,SCADA-004,SCADA,sensor_reading,T100,closed,info,192.168.5.144
2025-08-01T08:12:34Z,SCADA-002,SCADA,logic_change,T198,override,critical,192.168.99.99
2025-08-01T08:26:51Z,SCADA-002,SCADA,sensor_reading,T156,63.5,info,192.168.5.119
2025-08-01T08:08:00Z,SCADA-009,SCADA,valve_status,T122,closed,info,192.168.0.65
2025-08-01T08:33:30Z,SCADA-007,SCADA,logic_change,T143,override,critical,10.0.0.254
2025-08-01T08:21:06Z,SCADA-005,SCADA,valve_status,T113,closed,info,192.168.3.212
2025-08-01T08:29:06Z,SCADA-002,SCADA,sensor_reading,T193,override,critical,10.0.0.254
2025-08-01T08:26:25Z,SCADA-001,SCADA,logic_change,T185,override,critical,192.168.99.99
2025-08-01T08:31:39Z,SCADA-008,SCADA,valve_status,T136,override,critical,10.0.0.254
2025-08-01T08:35:03Z,SCADA-009,SCADA,logic_change,T152,override,critical,10.0.0.254
2025-08-01T08:43:59Z,SCADA-009,SCADA,valve_status,T136,open,info,192.168.5.241
2025-08-01T08:22:29Z,SCADA-001,SCADA,logic_change,T169,open,info,192.168.3.208
2025-08-01T08:23:33Z,SCADA-004,SCADA,valve_status,T196,override,critical,10.0.0.254
2025-08-01T08:53:42Z,SCADA-009,SCADA,sensor_reading,T158,override,critical,192.168.99.99
2025-08-01T08:27:15Z,SCADA-009,SCADA,sensor_reading,T182,71.5,info,192.168.5.180
2025-08-01T08:56:28Z,SCADA-008,SCADA,logic_change,T148,override,critical,10.0.0.254
2025-08-01T08:42:44Z,SCADA-005,SCADA,valve_status,T172,override,critical,10.0.0.254
2025-08-01T08:30:13Z,SCADA-008,SCADA,sensor_reading,T106,override,critical,10.0.0.254
2025-08-01T08:40:09Z,SCADA-008,SCADA,sensor_reading,T108,open,info,192.168.1.89
2025-08-01T08:40:09Z,SCADA-007,SCADA,sensor_reading,T100,override,critical,192.168.99.99
2025-08-01T08:50:23Z,SCADA-008,SCADA,logic_change,T135,closed,info,192.168.0.79
2025-08-01T08:29:33Z,SCADA-009,SCADA,valve_status,T107,override,critical,192.168.99.99
2025-08-01T08:30:19Z,SCADA-002,SCADA,valve_status,T156,33.4,info,192.168.2.232
2025-08-01T08:10:11Z,SCADA-005,SCADA,sensor_reading,T167,36.6,info,192.168.5.174
2025-08-01T08:22:09Z,SCADA-003,SCADA,valve_status,T142,override,critical,192.168.99.99
2025-08-01T08:30:31Z,SCADA-010,SCADA,sensor_reading,T141,override,critical,10.0.0.254
2025-08-01T08:20:11Z,SCADA-009,SCADA,logic_change,T153,override,info,192.168.0.231
2025-08-01T08:06:15Z,SCADA-010,SCADA,valve_status,T148,closed,info,192.168.0.20
2025-08-01T09:00:01Z,SCADA-001,SCADA,sensor_reading,T130,override,critical,10.0.0.254
2025-08-01T08:43:37Z,SCADA-009,SCADA,valve_status,T157,open,info,192.168.5.116
2025-08-01T08:16:12Z,SCADA-002,SCADA,logic_change,T161,override,critical,192.168.99.99
2025-08-01T08:26:38Z,SCADA-006,SCADA,valve_status,T146,override,critical,10.0.0.254
2025-08-01T09:00:51Z,SCADA-010,SCADA,logic_change,T117,override,critical,10.0.0.254
2025-08-01T08:16:35Z,SCADA-008,SCADA,valve_status,T108,override,critical,10.0.0.254
2025-08-01T08:42:24Z,SCADA-007,SCADA,logic_change,T104,open,info,192.168.4.203
2025-08-01T08:47:17Z,SCADA-010,SCADA,logic_change,T190,override,critical,10.0.0.254
2025-08-01T08:53:37Z,SCADA-007,SCADA,logic_change,T121,override,critical,192.168.99.99
2025-08-01T08:47:18Z,SCADA-001,SCADA,sensor_reading,T174,open,info,192.168.3.180
2025-08-01T08:19:32Z,SCADA-004,SCADA,sensor_reading,T156,override,critical,192.168.99.99
2025-08-01T08:27:54Z,SCADA-009,SCADA,logic_change,T152,95.7,info,192.168.5.211
2025-08-01T08:28:02Z,SCADA-006,SCADA,valve_status,T134,closed,info,192.168.3.94
2025-08-01T08:57:06Z,SCADA-007,SCADA,logic_change,T157,39.7,info,192.168.5.233
2025-08-01T08:52:39Z,SCADA-007,SCADA,logic_change,T102,override,critical,10.0.0.254
2025-08-01T08:19:37Z,SCADA-002,SCADA,valve_status,T123,override,info,192.168.3.46
2025-08-01T08:21:36Z,SCADA-005,SCADA,logic_change,T106,override,critical,192.168.99.99
2025-08-01T08:41:56Z,SCADA-003,SCADA,valve_status,T191,override,critical,192.168.99.99
2025-08-01T08:39:10Z,SCADA-002,SCADA,sensor_reading,T121,override,critical,10.0.0.254
2025-08-01T08:25:06Z,SCADA-005,SCADA,logic_change,T110,override,info,192.168.3.97
2025-08-01T08:18:41Z,SCADA-009,SCADA,logic_change,T145,26.7,info,192.168.2.244
2025-08-01T08:20:23Z,SCADA-004,SCADA,logic_change,T181,override,critical,192.168.99.99
2025-08-01T08:54:09Z,SCADA-008,SCADA,logic_change,T153,override,critical,192.168.99.99
2025-08-01T08:36:09Z,SCADA-006,SCADA,sensor_reading,T110,override,critical,10.0.0.254
2025-08-01T08:16:20Z,SCADA-007,SCADA,valve_status,T159,override,info,192.168.4.163
2025-08-01T08:55:35Z,SCADA-008,SCADA,logic_change,T129,override,critical,192.168.99.99
2025-08-01T08:51:47Z,SCADA-009,SCADA,valve_status,T116,override,critical,10.0.0.254
2025-08-01T08:35:31Z,SCADA-005,SCADA,sensor_reading,T196,override,critical,10.0.0.254
2025-08-01T08:43:50Z,SCADA-008,SCADA,valve_status,T184,override,critical,10.0.0.254
2025-08-01T08:03:18Z,SCADA-005,SCADA,valve_status,T146,override,critical,10.0.0.254
2025-08-01T08:13:07Z,SCADA-009,SCADA,logic_change,T155,override,critical,10.0.0.254
2025-08-01T08:15:30Z,SCADA-009,SCADA,sensor_reading,T130,override,critical,192.168.99.99
2025-08-01T08:53:08Z,SCADA-008,SCADA,logic_change,T142,override,critical,10.0.0.254
2025-08-01T08:06:30Z,SCADA-007,SCADA,valve_status,T108,override,critical,192.168.99.99
2025-08-01T08:50:57Z,SCADA-009,SCADA,valve_status,T117,override,critical,10.0.0.254
2025-08-01T08:03:44Z,SCADA-008,SCADA,logic_change,T190,override,critical,10.0.0.254
2025-08-01T08:39:19Z,SCADA-001,SCADA,valve_status,T132,open,info,192.168.5.175
2025-08-01T08:42:11Z,SCADA-003,SCADA,valve_status,T113,override,critical,192.168.99.99
2025-08-01T08:30:55Z,SCADA-003,SCADA,logic_change,T114,override,critical,192.168.99.99
2025-08-01T08:47:05Z,SCADA-005,SCADA,sensor_reading,T174,open,info,192.168.4.60
2025-08-01T08:25:20Z,SCADA-006,SCADA,logic_change,T142,override,critical,192.168.99.99
2025-08-01T08:17:44Z,SCADA-005,SCADA,sensor_reading,T189,override,critical,192.168.99.99
2025-08-01T08:57:26Z,SCADA-001,SCADA,sensor_reading,T153,closed,info,192.168.1.246
2025-08-01T08:06:51Z,SCADA-006,SCADA,sensor_reading,T174,open,info,192.168.2.250
2025-08-01T08:01:57Z,SCADA-008,SCADA,valve_status,T115,54.6,info,192.168.1.21
2025-08-01T08:57:33Z,SCADA-004,SCADA,valve_status,T114,override,info,192.168.2.126
2025-08-01T08:28:18Z,SCADA-004,SCADA,valve_status,T123,39.1,info,192.168.0.186
2025-08-01T08:59:46Z,SCADA-007,SCADA,sensor_reading,T140,open,info,192.168.3.183
2025-08-01T08:44:36Z,SCADA-010,SCADA,valve_status,T111,override,critical,192.168.99.99
2025-08-01T08:48:12Z,SCADA-002,SCADA,logic_change,T141,override,critical,10.0.0.254
2025-08-01T08:18:49Z,SCADA-001,SCADA,logic_change,T152,open,info,192.168.1.2
2025-08-01T08:54:38Z,SCADA-007,SCADA,sensor_reading,T161,open,info,192.168.4.13
2025-08-01T08:30:30Z,SCADA-010,SCADA,sensor_reading,T125,79.2,info,192.168.0.9
2025-08-01T08:39:34Z,SCADA-005,SCADA,valve_status,T181,override,critical,10.0.0.254
2025-08-01T09:00:26Z,SCADA-006,SCADA,sensor_reading,T194,override,critical,10.0.0.254
2025-08-01T08:45:02Z,SCADA-002,SCADA,logic_change,T173,open,info,192.168.2.150
2025-08-01T08:24:08Z,SCADA-005,SCADA,logic_change,T146,override,critical,10.0.0.254
2025-08-01T08:42:25Z,SCADA-003,SCADA,valve_status,T119,override,critical,10.0.0.254
2025-08-01T09:01:10Z,SCADA-004,SCADA,sensor_reading,T113,override,critical,192.168.99.99
2025-08-01T08:01:54Z,SCADA-010,SCADA,sensor_reading,T158,override,critical,192.168.99.99
2025-08-01T08:53:16Z,SCADA-010,SCADA,valve_status,T153,override,critical,192.168.99.99
2025-08-01T08:36:17Z,SCADA-003,SCADA,valve_status,T112,open,info,192.168.3.33
2025-08-01T08:07:32Z,SCADA-004,SCADA,logic_change,T182,override,critical,192.168.99.99
2025-08-01T08:39:05Z,SCADA-006,SCADA,logic_change,T191,60.0,info,192.168.1.136
2025-08-01T08:44:39Z,SCADA-006,SCADA,logic_change,T145,override,info,192.168.0.101
2025-08-01T08:20:45Z,SCADA-004,SCADA,sensor_reading,T101,override,critical,192.168.99.99
2025-08-01T08:56:56Z,SCADA-004,SCADA,logic_change,T156,closed,info,192.168.1.162
2025-08-01T08:31:48Z,SCADA-006,SCADA,sensor_reading,T173,33.3,info,192.168.5.125
2025-08-01T08:23:15Z,SCADA-006,SCADA,logic_change,T178,override,info,192.168.2.24
2025-08-01T08:35:15Z,SCADA-002,SCADA,valve_status,T125,closed,info,192.168.5.151
2025-08-01T08:50:01Z,SCADA-004,SCADA,valve_status,T188,open,info,192.168.3.13
2025-08-01T09:02:26Z,SCADA-001,SCADA,valve_status,T109,override,critical,10.0.0.254
2025-08-01T08:52:06Z,SCADA-008,SCADA,valve_status,T184,closed,info,192.168.2.90
2025-08-01T08:59:52Z,SCADA-010,SCADA,valve_status,T155,closed,info,192.168.5.170
2025-08-01T08:22:44Z,SCADA-001,SCADA,sensor_reading,T182,override,info,192.168.1.52
2025-08-01T08:53:21Z,SCADA-008,SCADA,valve_status,T189,27.4,info,192.168.3.15
2025-08-01T09:00:27Z,SCADA-002,SCADA,sensor_reading,T189,33.9,info,192.168.1.9
2025-08-01T08:55:17Z,SCADA-001,SCADA,logic_change,T176,override,critical,192.168.99.99
2025-08-01T08:59:24Z,SCADA-010,SCADA,logic_change,T144,35.4,info,192.168.4.39
2025-08-01T08:29:29Z,SCADA-004,SCADA,logic_change,T131,41.3,info,192.168.0.17
2025-08-01T08:53:51Z,SCADA-001,SCADA,sensor_reading,T151,open,info,192.168.0.29
2025-08-01T08:44:13Z,SCADA-004,SCADA,logic_change,T184,37.6,info,192.168.1.218
2025-08-01T08:45:15Z,SCADA-005,SCADA,valve_status,T101,override,critical,10.0.0.254
2025-08-01T08:19:26Z,SCADA-003,SCADA,logic_change,T131,override,critical,192.168.99.99
2025-08-01T08:40:22Z,SCADA-010,SCADA,valve_status,T171,open,info,192.168.3.13
2025-08-01T08:00:31Z,SCADA-008,SCADA,valve_status,T181,closed,info,192.168.0.77
2025-08-01T08:46:38Z,SCADA-002,SCADA,valve_status,T110,override,info,192.168.0.144
2025-08-01T08:11:20Z,SCADA-004,SCADA,sensor_reading,T181,override,critical,192.168.99.99
2025-08-01T08:41:13Z,SCADA-009,SCADA,valve_status,T124,open,info,192.168.0.70
2025-08-01T08:22:33Z,SCADA-009,SCADA,logic_change,T172,override,critical,10.0.0.254
2025-08-01T08:55:23Z,SCADA-007,SCADA,valve_status,T120,override,critical,192.168.99.99
2025-08-01T08:29:28Z,SCADA-004,SCADA,valve_status,T141,override,critical,10.0.0.254
2025-08-01T08:49:05Z,SCADA-004,SCADA,logic_change,T112,open,info,192.168.4.122
2025-08-01T08:17:28Z,SCADA-003,SCADA,logic_change,T195,override,critical,10.0.0.254
2025-08-01T08:17:44Z,SCADA-007,SCADA,valve_status,T131,73.8,info,192.168.0.30
2025-08-01T08:01:39Z,SCADA-008,SCADA,logic_change,T185,override,critical,192.168.99.99
2025-08-01T08:25:03Z,SCADA-010,SCADA,valve_status,T136,override,critical,192.168.99.99
2025-08-01T08:41:01Z,SCADA-001,SCADA,valve_status,T130,open,info,192.168.1.176
2025-08-01T08:20:31Z,SCADA-006,SCADA,logic_change,T144,override,critical,10.0.0.254
2025-08-01T08:46:08Z,SCADA-010,SCADA,valve_status,T108,override,critical,192.168.99.99
2025-08-01T08:45:54Z,SCADA-005,SCADA,logic_change,T112,open,info,192.168.3.46
2025-08-01T08:58:24Z,SCADA-008,SCADA,valve_status,T198,override,critical,10.0.0.254
2025-08-01T08:49:37Z,SCADA-002,SCADA,logic_change,T158,override,critical,192.168.99.99
2025-08-01T08:59:49Z,SCADA-001,SCADA,valve_status,T109,override,critical,192.168.99.99
2025-08-01T08:11:25Z,SCADA-008,SCADA,logic_change,T185,open,info,192.168.5.147
2025-08-01T08:09:39Z,SCADA-008,SCADA,valve_status,T157,override,critical,10.0.0.254
2025-08-01T08:31:10Z,SCADA-003,SCADA,valve_status,T163,override,critical,192.168.99.99
2025-08-01T08:15:11Z,SCADA-005,SCADA,logic_change,T113,closed,info,192.168.3.90
2025-08-01T08:01:49Z,SCADA-004,SCADA,sensor_reading,T141,open,info,192.168.5.27
2025-08-01T08:36:26Z,SCADA-010,SCADA,logic_change,T171,override,critical,192.168.99.99
2025-08-01T08:12:55Z,SCADA-007,SCADA,logic_change,T160,closed,info,192.168.3.85
2025-08-01T08:15:55Z,SCADA-004,SCADA,valve_status,T153,override,critical,10.0.0.254
2025-08-01T08:06:59Z,SCADA-001,SCADA,sensor_reading,T136,override,critical,192.168.99.99
2025-08-01T08:11:19Z,SCADA-002,SCADA,logic_change,T168,closed,info,192.168.5.113
2025-08-01T08:02:53Z,SCADA-010,SCADA,logic_change,T151,override,critical,192.168.99.99
2025-08-01T08:27:22Z,SCADA-004,SCADA,logic_change,T183,override,critical,10.0.0.254
2025-08-01T09:03:25Z,SCADA-004,SCADA,sensor_reading,T117,override,critical,10.0.0.254
2025-08-01T08:07:37Z,SCADA-001,SCADA,sensor_reading,T146,63.1,info,192.168.0.99
2025-08-01T08:12:57Z,SCADA-007,SCADA,logic_change,T117,override,critical,10.0.0.254
2025-08-01T08:04:41Z,SCADA-008,SCADA,sensor_reading,T101,override,critical,192.168.99.99
2025-08-01T08:46:37Z,SCADA-005,SCADA,sensor_reading,T103,override,critical,10.0.0.254
2025-08-01T08:04:24Z,SCADA-001,SCADA,sensor_reading,T141,override,info,192.168.0.35
2025-08-01T08:03:53Z,SCADA-003,SCADA,valve_status,T117,override,critical,10.0.0.254
2025-08-01T08:32:58Z,SCADA-004,SCADA,logic_change,T199,override,info,192.168.3.101
2025-08-01T08:24:00Z,SCADA-009,SCADA,logic_change,T102,override,critical,10.0.0.254
2025-08-01T08:24:40Z,SCADA-001,SCADA,logic_change,T182,closed,info,192.168.0.241
2025-08-01T09:00:39Z,SCADA-002,SCADA,logic_change,T193,override,critical,192.168.99.99
2025-08-01T09:01:51Z,SCADA-009,SCADA,valve_status,T102,override,critical,192.168.99.99
2025-08-01T08:48:23Z,SCADA-004,SCADA,valve_status,T118,88.2,info,192.168.0.84
2025-08-01T08:37:45Z,SCADA-010,SCADA,logic_change,T124,override,critical,192.168.99.99
2025-08-01T08:55:09Z,SCADA-001,SCADA,logic_change,T153,override,critical,10.0.0.254
2025-08-01T08:15:49Z,SCADA-008,SCADA,sensor_reading,T100,override,critical,192.168.99.99
2025-08-01T08:08:28Z,SCADA-005,SCADA,valve_status,T117,override,critical,10.0.0.254
2025-08-01T08:05:35Z,SCADA-009,SCADA,sensor_reading,T112,override,info,192.168.1.74
2025-08-01T08:14:56Z,SCADA-006,SCADA,valve_status,T129,override,info,192.168.4.20
2025-08-01T08:23:54Z,SCADA-010,SCADA,logic_change,T169,override,info,192.168.5.150
2025-08-01T08:08:25Z,SCADA-004,SCADA,sensor_reading,T183,override,info,192.168.4.166
2025-08-01T08:28:07Z,SCADA-007,SCADA,logic_change,T194,override,critical,10.0.0.254
2025-08-01T08:33:42Z,SCADA-009,SCADA,logic_change,T108,closed,info,192.168.4.130
2025-08-01T08:19:01Z,SCADA-008,SCADA,valve_status,T194,24.1,info,192.168.4.242
2025-08-01T08:41:36Z,SCADA-005,SCADA,valve_status,T182,21.3,info,192.168.0.50
2025-08-01T08:51:51Z,SCADA-009,SCADA,logic_change,T165,closed,info,192.168.3.72
2025-08-01T08:40:32Z,SCADA-008,SCADA,logic_change,T142,override,critical,192.168.99.99
2025-08-01T08:50:41Z,SCADA-003,SCADA,sensor_reading,T102,override,critical,192.168.99.99
2025-08-01T08:12:21Z,SCADA-008,SCADA,valve_status,T164,override,info,192.168.1.253
2025-08-01T08:46:31Z,SCADA-009,SCADA,valve_status,T196,56.5,info,192.168.3.114
2025-08-01T08:34:53Z,SCADA-003,SCADA,valve_status,T149,override,info,192.168.5.170
2025-08-01T08:53:12Z,SCADA-007,SCADA,sensor_reading,T160,open,info,192.168.4.212
2025-08-01T08:41:06Z,SCADA-010,SCADA,logic_change,T115,override,critical,192.168.99.99
2025-08-01T08:09:01Z,SCADA-010,SCADA,valve_status,T196,84.6,info,192.168.4.150
2025-08-01T08:08:58Z,SCADA-006,SCADA,valve_status,T122,override,critical,10.0.0.254
2025-08-01T08:09:46Z,SCADA-004,SCADA,sensor_reading,T107,override,critical,192.168.99.99
2025-08-01T08:21:23Z,SCADA-004,SCADA,sensor_reading,T179,closed,info,192.168.3.64
2025-08-01T09:01:33Z,SCADA-005,SCADA,logic_change,T101,closed,info,192.168.0.143
2025-08-01T08:25:32Z,SCADA-005,SCADA,logic_change,T138,override,critical,192.168.99.99
2025-08-01T08:39:55Z,SCADA-005,SCADA,logic_change,T117,override,critical,10.0.0.254
2025-08-01T08:30:07Z,SCADA-009,SCADA,valve_status,T153,25.5,info,192.168.5.80
2025-08-01T08:16:50Z,SCADA-001,SCADA,sensor_reading,T169,closed,info,192.168.4.160
2025-08-01T08:28:33Z,SCADA-008,SCADA,logic_change,T198,override,critical,10.0.0.254
2025-08-01T08:21:18Z,SCADA-001,SCADA,sensor_reading,T107,override,critical,192.168.99.99
2025-08-01T08:31:31Z,SCADA-008,SCADA,valve_status,T103,override,critical,192.168.99.99
2025-08-01T08:37:40Z,SCADA-007,SCADA,valve_status,T170,override,critical,10.0.0.254
2025-08-01T09:01:35Z,SCADA-005,SCADA,logic_change,T118,override,critical,192.168.99.99
2025-08-01T08:58:46Z,SCADA-003,SCADA,logic_change,T159,override,critical,10.0.0.254
2025-08-01T08:25:43Z,SCADA-008,SCADA,valve_status,T119,override,critical,192.168.99.99
2025-08-01T08:00:21Z,SCADA-006,SCADA,logic_change,T151,20.9,info,192.168.3.48
2025-08-01T08:51:04Z,SCADA-007,SCADA,valve_status,T147,override,critical,192.168.99.99
2025-08-01T08:59:27Z,SCADA-003,SCADA,sensor_reading,T100,override,critical,192.168.99.99
2025-08-01T08:12:29Z,SCADA-010,SCADA,logic_change,T118,closed,info,192.168.5.78
2025-08-01T08:30:40Z,SCADA-010,SCADA,logic_change,T183,override,critical,192.168.99.99
2025-08-01T08:59:18Z,SCADA-010,SCADA,sensor_reading,T121,override,critical,10.0.0.254
2025-08-01T08:06:10Z,SCADA-009,SCADA,valve_status,T124,override,critical,10.0.0.254
2025-08-01T08:27:07Z,SCADA-001,SCADA,sensor_reading,T126,override,critical,192.168.99.99
2025-08-01T08:40:37Z,SCADA-002,SCADA,logic_change,T121,override,info,192.168.5.125
2025-08-01T08:09:08Z,SCADA-010,SCADA,logic_change,T129,closed,info,192.168.4.133
2025-08-01T08:18:27Z,SCADA-009,SCADA,sensor_reading,T152,override,critical,192.168.99.99
2025-08-01T08:39:45Z,SCADA-002,SCADA,sensor_reading,T161,override,critical,192.168.99.99
2025-08-01T08:20:25Z,SCADA-001,SCADA,logic_change,T138,open,info,192.168.2.192
2025-08-01T08:47:13Z,SCADA-005,SCADA,logic_change,T163,closed,info,192.168.5.204
2025-08-01T08:26:41Z,SCADA-007,SCADA,valve_status,T121,override,info,192.168.5.143
2025-08-01T08:11:13Z,SCADA-002,SCADA,valve_status,T193,override,info,192.168.4.111
2025-08-01T09:00:51Z,SCADA-002,SCADA,sensor_reading,T166,open,info,192.168.3.141
2025-08-01T08:21:44Z,SCADA-009,SCADA,valve_status,T142,override,critical,192.168.99.99
2025-08-01T08:12:11Z,SCADA-007,SCADA,logic_change,T193,override,info,192.168.2.183
2025-08-01T08:53:31Z,SCADA-007,SCADA,valve_status,T197,override,critical,192.168.99.99
2025-08-01T08:57:38Z,SCADA-007,SCADA,sensor_reading,T127,open,info,192.168.0.225
2025-08-01T08:47:00Z,SCADA-004,SCADA,valve_status,T169,open,info,192.168.4.25
2025-08-01T08:32:22Z,SCADA-002,SCADA,valve_status,T187,closed,info,192.168.4.92
2025-08-01T08:06:02Z,SCADA-010,SCADA,sensor_reading,T116,override,critical,192.168.99.99
2025-08-01T08:53:54Z,SCADA-003,SCADA,valve_status,T153,override,critical,10.0.0.254
2025-08-01T08:20:03Z,SCADA-003,SCADA,sensor_reading,T175,override,critical,10.0.0.254
2025-08-01T08:55:45Z,SCADA-001,SCADA,logic_change,T136,override,critical,10.0.0.254
2025-08-01T08:10:35Z,SCADA-006,SCADA,valve_status,T117,open,info,192.168.2.170
2025-08-01T08:40:15Z,SCADA-006,SCADA,sensor_reading,T101,override,critical,10.0.0.254
2025-08-01T08:17:38Z,SCADA-003,SCADA,sensor_reading,T138,override,critical,10.0.0.254
2025-08-01T08:13:30Z,SCADA-007,SCADA,sensor_reading,T118,override,critical,192.168.99.99
2025-08-01T08:45:49Z,SCADA-003,SCADA,sensor_reading,T155,override,critical,192.168.99.99
2025-08-01T08:00:39Z,SCADA-002,SCADA,valve_status,T114,override,critical,192.168.99.99
2025-08-01T08:48:55Z,SCADA-009,SCADA,logic_change,T158,override,critical,10.0.0.254
2025-08-01T08:34:48Z,SCADA-008,SCADA,valve_status,T175,override,critical,192.168.99.99
2025-08-01T08:08:48Z,SCADA-009,SCADA,logic_change,T153,override,critical,192.168.99.99
2025-08-01T08:34:39Z,SCADA-001,SCADA,valve_status,T121,override,critical,192.168.99.99
2025-08-01T08:35:21Z,SCADA-008,SCADA,sensor_reading,T118,override,critical,10.0.0.254
2025-08-01T08:13:15Z,SCADA-009,SCADA,logic_change,T185,override,critical,10.0.0.254
2025-08-01T08:06:22Z,SCADA-004,SCADA,logic_change,T196,override,info,192.168.0.122
2025-08-01T08:00:32Z,SCADA-003,SCADA,sensor_reading,T121,override,critical,192.168.99.99
2025-08-01T08:49:27Z,SCADA-010,SCADA,valve_status,T132,override,critical,10.0.0.254
2025-08-01T08:09:39Z,SCADA-001,SCADA,logic_change,T127,override,info,192.168.4.93
2025-08-01T08:54:39Z,SCADA-001,SCADA,valve_status,T198,override,critical,10.0.0.254
2025-08-01T08:24:47Z,SCADA-005,SCADA,sensor_reading,T122,override,info,192.168.4.168
2025-08-01T08:55:25Z,SCADA-008,SCADA,logic_change,T120,open,info,192.168.3.120
2025-08-01T08:40:21Z,SCADA-010,SCADA,sensor_reading,T179,override,critical,192.168.99.99
2025-08-01T08:34:39Z,SCADA-004,SCADA,logic_change,T104,closed,info,192.168.0.37
2025-08-01T08:21:00Z,SCADA-002,SCADA,logic_change,T148,override,critical,10.0.0.254
2025-08-01T08:54:52Z,SCADA-009,SCADA,sensor_reading,T159,30.9,info,192.168.5.162
2025-08-01T08:07:45Z,SCADA-003,SCADA,valve_status,T122,closed,info,192.168.2.224
2025-08-01T08:43:09Z,SCADA-002,SCADA,valve_status,T143,override,critical,10.0.0.254
2025-08-01T08:36:05Z,SCADA-007,SCADA,logic_change,T130,open,info,192.168.1.187
2025-08-01T08:46:15Z,SCADA-010,SCADA,valve_status,T188,open,info,192.168.0.237
2025-08-01T08:25:23Z,SCADA-002,SCADA,sensor_reading,T175,open,info,192.168.5.73
2025-08-01T08:56:47Z,SCADA-003,SCADA,logic_change,T130,override,critical,192.168.99.99
2025-08-01T08:59:12Z,SCADA-002,SCADA,logic_change,T126,override,critical,10.0.0.254
2025-08-01T08:41:06Z,SCADA-010,SCADA,sensor_reading,T128,closed,info,192.168.1.211
2025-08-01T08:11:10Z,SCADA-008,SCADA,valve_status,T138,override,critical,10.0.0.254
2025-08-01T08:45:36Z,SCADA-003,SCADA,logic_change,T171,68.2,info,192.168.4.26
2025-08-01T08:15:31Z,SCADA-007,SCADA,logic_change,T139,closed,info,192.168.5.158
2025-08-01T09:01:41Z,SCADA-004,SCADA,valve_status,T146,override,critical,192.168.99.99
2025-08-01T08:16:02Z,SCADA-009,SCADA,sensor_reading,T144,override,critical,192.168.99.99
2025-08-01T08:13:24Z,SCADA-010,SCADA,sensor_reading,T163,closed,info,192.168.3.15
2025-08-01T08:50:43Z,SCADA-007,SCADA,valve_status,T161,open,info,192.168.1.59
2025-08-01T08:47:51Z,SCADA-009,SCADA,valve_status,T157,override,critical,192.168.99.99
2025-08-01T08:56:19Z,SCADA-010,SCADA,sensor_reading,T160,46.3,info,192.168.5.25
2025-08-01T08:07:50Z,SCADA-009,SCADA,sensor_reading,T123,closed,info,192.168.2.208
2025-08-01T08:11:35Z,SCADA-003,SCADA,valve_status,T157,override,critical,192.168.99.99
2025-08-01T08:12:04Z,SCADA-005,SCADA,sensor_reading,T101,override,critical,10.0.0.254
2025-08-01T08:41:41Z,SCADA-009,SCADA,sensor_reading,T125,override,critical,10.0.0.254
2025-08-01T08:10:54Z,SCADA-005,SCADA,sensor_reading,T111,override,info,192.168.1.150
2025-08-01T08:37:08Z,SCADA-005,SCADA,sensor_reading,T182,override,critical,10.0.0.254
2025-08-01T08:29:15Z,SCADA-004,SCADA,logic_change,T190,45.8,info,192.168.5.41
2025-08-01T08:10:48Z,SCADA-006,SCADA,sensor_reading,T111,closed,info,192.168.2.59
2025-08-01T08:35:04Z,SCADA-006,SCADA,sensor_reading,T113,open,info,192.168.3.137
2025-08-01T08:10:59Z,SCADA-008,SCADA,valve_status,T127,override,critical,10.0.0.254
2025-08-01T08:18:34Z,SCADA-006,SCADA,valve_status,T124,override,critical,192.168.99.99
2025-08-01T08:56:10Z,SCADA-007,SCADA,valve_status,T116,override,critical,10.0.0.254
2025-08-01T08:26:05Z,SCADA-008,SCADA,sensor_reading,T168,override,info,192.168.3.139
2025-08-01T08:00:18Z,SCADA-004,SCADA,logic_change,T153,override,critical,192.168.99.99
2025-08-01T08:23:44Z,SCADA-004,SCADA,valve_status,T199,64.0,info,192.168.4.135
2025-08-01T08:21:53Z,SCADA-007,SCADA,sensor_reading,T126,override,critical,192.168.99.99
2025-08-01T08:37:08Z,SCADA-010,SCADA,sensor_reading,T177,override,info,192.168.3.181
2025-08-01T08:33:06Z,SCADA-008,SCADA,valve_status,T148,override,critical,10.0.0.254
2025-08-01T08:23:04Z,SCADA-002,SCADA,sensor_reading,T170,override,critical,10.0.0.254
2025-08-01T08:46:52Z,SCADA-002,SCADA,valve_status,T101,closed,info,192.168.5.24
2025-08-01T08:36:52Z,SCADA-009,SCADA,sensor_reading,T126,closed,info,192.168.3.217
2025-08-01T08:32:42Z,SCADA-008,SCADA,sensor_reading,T140,97.0,info,192.168.4.137
2025-08-01T08:59:06Z,SCADA-008,SCADA,sensor_reading,T138,79.7,info,192.168.5.231
2025-08-01T08:20:51Z,SCADA-001,SCADA,logic_change,T182,override,critical,192.168.99.99
2025-08-01T08:01:29Z,SCADA-007,SCADA,valve_status,T189,override,critical,192.168.99.99
2025-08-01T08:39:43Z,SCADA-006,SCADA,sensor_reading,T110,open,info,192.168.4.153
2025-08-01T08:33:08Z,SCADA-001,SCADA,logic_change,T141,override,info,192.168.5.15
2025-08-01T08:28:49Z,SCADA-003,SCADA,logic_change,T138,35.3,info,192.168.2.204
2025-08-01T08:57:21Z,SCADA-005,SCADA,sensor_reading,T158,96.6,info,192.168.3.235
2025-08-01T08:22:54Z,SCADA-001,SCADA,logic_change,T127,95.3,info,192.168.4.48
2025-08-01T08:05:24Z,SCADA-005,SCADA,logic_change,T180,override,critical,192.168.99.99
2025-08-01T08:18:26Z,SCADA-007,SCADA,logic_change,T134,closed,info,192.168.0.57
2025-08-01T08:45:24Z,SCADA-006,SCADA,sensor_reading,T169,override,critical,192.168.99.99
2025-08-01T08:05:52Z,SCADA-010,SCADA,logic_change,T122,override,critical,10.0.0.254
2025-08-01T08:07:58Z,SCADA-004,SCADA,sensor_reading,T183,override,critical,192.168.99.99
2025-08-01T08:49:02Z,SCADA-008,SCADA,valve_status,T169,override,critical,10.0.0.254
2025-08-01T08:31:54Z,SCADA-009,SCADA,sensor_reading,T154,override,critical,192.168.99.99
2025-08-01T08:04:16Z,SCADA-006,SCADA,sensor_reading,T171,override,critical,192.168.99.99
2025-08-01T08:12:20Z,SCADA-008,SCADA,logic_change,T189,override,critical,192.168.99.99
2025-08-01T08:11:33Z,SCADA-007,SCADA,sensor_reading,T130,closed,info,192.168.0.175
2025-08-01T08:31:58Z,SCADA-001,SCADA,valve_status,T149,override,info,192.168.4.167
2025-08-01T08:27:47Z,SCADA-010,SCADA,logic_change,T182,override,critical,192.168.99.99
2025-08-01T08:11:40Z,SCADA-001,SCADA,sensor_reading,T101,closed,info,192.168.5.196
2025-08-01T08:55:20Z,SCADA-002,SCADA,sensor_reading,T138,closed,info,192.168.3.58
2025-08-01T08:05:43Z,SCADA-009,SCADA,logic_change,T166,override,critical,10.0.0.254
2025-08-01T08:15:14Z,SCADA-004,SCADA,logic_change,T100,override,critical,10.0.0.254
2025-08-01T08:31:36Z,SCADA-010,SCADA,logic_change,T180,override,info,192.168.1.217
2025-08-01T08:20:43Z,SCADA-006,SCADA,logic_change,T187,closed,info,192.168.2.182
2025-08-01T08:19:44Z,SCADA-010,SCADA,valve_status,T190,override,info,192.168.0.22
2025-08-01T08:38:20Z,SCADA-002,SCADA,logic_change,T152,override,critical,192.168.99.99
2025-08-01T08:38:00Z,SCADA-006,SCADA,valve_status,T134,open,info,192.168.1.25
2025-08-01T08:24:13Z,SCADA-009,SCADA,sensor_reading,T173,override,info,192.168.4.222
2025-08-01T08:19:17Z,SCADA-005,SCADA,logic_change,T129,89.9,info,192.168.2.50
2025-08-01T08:56:47Z,SCADA-004,SCADA,logic_change,T110,52.6,info,192.168.5.67
2025-08-01T08:09:17Z,SCADA-007,SCADA,sensor_reading,T144,open,info,192.168.2.118
2025-08-01T09:02:00Z,SCADA-008,SCADA,sensor_reading,T196,open,info,192.168.3.203
2025-08-01T08:52:07Z,SCADA-005,SCADA,valve_status,T169,override,critical,192.168.99.99
2025-08-01T08:40:56Z,SCADA-006,SCADA,sensor_reading,T175,override,critical,10.0.0.254
2025-08-01T08:17:58Z,SCADA-010,SCADA,valve_status,T134,override,info,192.168.5.18
2025-08-01T08:29:52Z,SCADA-004,SCADA,valve_status,T127,54.2,info,192.168.5.215
2025-08-01T08:19:51Z,SCADA-001,SCADA,sensor_reading,T117,91.3,info,192.168.2.68
2025-08-01T08:25:59Z,SCADA-008,SCADA,logic_change,T129,closed,info,192.168.0.136
2025-08-01T08:09:03Z,SCADA-005,SCADA,valve_status,T191,override,critical,10.0.0.254
2025-08-01T08:43:18Z,SCADA-001,SCADA,sensor_reading,T170,21.5,info,192.168.3.195
2025-08-01T08:54:29Z,SCADA-004,SCADA,sensor_reading,T122,override,critical,192.168.99.99
2025-08-01T08:16:41Z,SCADA-003,SCADA,sensor_reading,T116,override,critical,10.0.0.254
2025-08-01T08:43:33Z,SCADA-010,SCADA,valve_status,T125,override,critical,10.0.0.254
2025-08-01T08:49:15Z,SCADA-004,SCADA,valve_status,T164,closed,info,192.168.2.157
2025-08-01T08:24:08Z,SCADA-003,SCADA,sensor_reading,T178,59.2,info,192.168.5.60
2025-08-01T08:01:39Z,SCADA-005,SCADA,logic_change,T163,closed,info,192.168.4.194
2025-08-01T08:30:23Z,SCADA-007,SCADA,logic_change,T136,override,critical,10.0.0.254
2025-08-01T08:47:56Z,SCADA-006,SCADA,sensor_reading,T198,override,critical,10.0.0.254
2025-08-01T08:15:39Z,SCADA-005,SCADA,valve_status,T174,override,critical,192.168.99.99
2025-08-01T08:36:48Z,SCADA-006,SCADA,valve_status,T172,override,critical,10.0.0.254
2025-08-01T08:16:26Z,SCADA-010,SCADA,valve_status,T126,open,info,192.168.2.222
2025-08-01T08:33:20Z,SCADA-009,SCADA,logic_change,T101,30.1,info,192.168.5.135
2025-08-01T08:12:45Z,SCADA-001,SCADA,sensor_reading,T169,override,info,192.168.4.98
2025-08-01T08:42:02Z,SCADA-004,SCADA,sensor_reading,T178,override,critical,192.168.99.99
2025-08-01T08:39:28Z,SCADA-009,SCADA,sensor_reading,T168,override,info,192.168.4.35
2025-08-01T08:33:01Z,SCADA-002,SCADA,valve_status,T187,override,critical,192.168.99.99
2025-08-01T08:18:08Z,SCADA-004,SCADA,sensor_reading,T134,override,critical,10.0.0.254
2025-08-01T08:33:25Z,SCADA-010,SCADA,valve_status,T112,override,critical,192.168.99.99
2025-08-01T08:19:30Z,SCADA-003,SCADA,sensor_reading,T199,override,info,192.168.0.120
2025-08-01T08:51:39Z,SCADA-003,SCADA,valve_status,T137,override,critical,10.0.0.254
2025-08-01T08:45:48Z,SCADA-008,SCADA,valve_status,T189,open,info,192.168.3.221
2025-08-01T08:26:09Z,SCADA-001,SCADA,sensor_reading,T128,override,critical,10.0.0.254
2025-08-01T08:25:37Z,SCADA-001,SCADA,logic_change,T102,58.1,info,192.168.4.130
2025-08-01T08:41:35Z,SCADA-009,SCADA,logic_change,T106,override,critical,10.0.0.254
2025-08-01T08:58:40Z,SCADA-005,SCADA,valve_status,T195,override,info,192.168.1.65
2025-08-01T08:38:14Z,SCADA-002,SCADA,valve_status,T144,override,critical,192.168.99.99
2025-08-01T08:11:47Z,SCADA-006,SCADA,valve_status,T154,open,info,192.168.0.125
2025-08-01T08:32:01Z,SCADA-003,SCADA,sensor_reading,T117,override,critical,10.0.0.254
2025-08-01T08:00:47Z,SCADA-001,SCADA,logic_change,T112,override,critical,10.0.0.254
2025-08-01T08:57:58Z,SCADA-007,SCADA,logic_change,T140,23.6,info,192.168.0.36
2025-08-01T08:56:08Z,SCADA-010,SCADA,logic_change,T183,closed,info,192.168.0.71
2025-08-01T08:03:23Z,SCADA-006,SCADA,sensor_reading,T102,override,critical,10.0.0.254
2025-08-01T08:29:43Z,SCADA-007,SCADA,valve_status,T154,override,critical,10.0.0.254
2025-08-01T08:29:20Z,SCADA-006,SCADA,valve_status,T151,override,info,192.168.4.206
2025-08-01T08:42:49Z,SCADA-004,SCADA,logic_change,T120,override,critical,192.168.99.99
2025-08-01T09:02:14Z,SCADA-005,SCADA,logic_change,T194,closed,info,192.168.2.234
2025-08-01T08:25:56Z,SCADA-007,SCADA,logic_change,T141,override,critical,192.168.99.99
2025-08-01T08:36:43Z,SCADA-006,SCADA,valve_status,T187,20.5,info,192.168.3.70
2025-08-01T08:49:47Z,SCADA-008,SCADA,sensor_reading,T178,88.5,info,192.168.3.38
2025-08-01T08:42:35Z,SCADA-009,SCADA,logic_change,T148,override,critical,192.168.99.99
2025-08-01T08:45:17Z,SCADA-004,SCADA,valve_status,T145,override,info,192.168.3.22
2025-08-01T08:12:26Z,SCADA-003,SCADA,valve_status,T175,override,critical,10.0.0.254
2025-08-01T08:00:00Z,SCADA-005,SCADA,logic_change,T183,override,critical,192.168.99.99
2025-08-01T08:03:04Z,SCADA-002,SCADA,sensor_reading,T146,closed,info,192.168.5.67
2025-08-01T08:31:21Z,SCADA-009,SCADA,sensor_reading,T107,override,info,192.168.0.151
2025-08-01T08:09:29Z,SCADA-003,SCADA,logic_change,T175,open,info,192.168.3.187
2025-08-01T08:13:49Z,SCADA-008,SCADA,sensor_reading,T127,74.9,info,192.168.2.49
2025-08-01T08:34:30Z,SCADA-005,SCADA,valve_status,T103,44.5,info,192.168.5.198
2025-08-01T08:08:21Z,SCADA-006,SCADA,valve_status,T181,override,critical,10.0.0.254
2025-08-01T09:00:43Z,SCADA-008,SCADA,valve_status,T146,closed,info,192.168.5.222
2025-08-01T09:03:10Z,SCADA-002,SCADA,logic_change,T131,override,critical,192.168.99.99
2025-08-01T09:02:42Z,SCADA-006,SCADA,valve_status,T191,override,critical,10.0.0.254
2025-08-01T09:02:52Z,SCADA-003,SCADA,sensor_reading,T157,override,critical,192.168.99.99
2025-08-01T08:50:18Z,SCADA-009,SCADA,valve_status,T119,override,critical,10.0.0.254
2025-08-01T08:22:57Z,SCADA-007,SCADA,sensor_reading,T118,override,critical,10.0.0.254
2025-08-01T08:30:49Z,SCADA-002,SCADA,valve_status,T140,override,critical,10.0.0.254
2025-08-01T08:22:08Z,SCADA-007,SCADA,logic_change,T127,closed,info,192.168.5.20
2025-08-01T08:09:17Z,SCADA-004,SCADA,valve_status,T141,override,critical,10.0.0.254
2025-08-01T08:27:53Z,SCADA-003,SCADA,sensor_reading,T182,override,critical,192.168.99.99
2025-08-01T08:38:33Z,SCADA-007,SCADA,logic_change,T180,open,info,192.168.1.109
2025-08-01T08:55:28Z,SCADA-005,SCADA,logic_change,T197,override,critical,10.0.0.254
2025-08-01T08:50:16Z,SCADA-004,SCADA,logic_change,T180,closed,info,192.168.5.80
2025-08-01T08:26:34Z,SCADA-009,SCADA,valve_status,T166,closed,info,192.168.5.238
2025-08-01T08:58:52Z,SCADA-008,SCADA,valve_status,T161,override,critical,10.0.0.254
2025-08-01T08:57:52Z,SCADA-010,SCADA,sensor_reading,T117,closed,info,192.168.0.248
2025-08-01T08:58:48Z,SCADA-010,SCADA,logic_change,T142,open,info,192.168.1.203
2025-08-01T08:35:46Z,SCADA-004,SCADA,valve_status,T192,override,info,192.168.5.217
2025-08-01T08:01:07Z,SCADA-009,SCADA,sensor_reading,T146,override,info,192.168.3.27
2025-08-01T08:50:59Z,SCADA-006,SCADA,valve_status,T160,open,info,192.168.3.50
2025-08-01T08:54:12Z,SCADA-004,SCADA,logic_change,T145,closed,info,192.168.0.123
2025-08-01T08:21:14Z,SCADA-006,SCADA,valve_status,T107,31.1,info,192.168.3.197
2025-08-01T08:46:10Z,SCADA-009,SCADA,logic_change,T182,34.1,info,192.168.4.200
2025-08-01T08:19:19Z,SCADA-009,SCADA,valve_status,T130,override,critical,10.0.0.254
2025-08-01T08:12:42Z,SCADA-001,SCADA,logic_change,T190,override,critical,10.0.0.254
2025-08-01T08:09:47Z,SCADA-010,SCADA,logic_change,T134,override,info,192.168.4.160
2025-08-01T08:48:31Z,SCADA-003,SCADA,valve_status,T173,override,critical,192.168.99.99
2025-08-01T08:03:22Z,SCADA-003,SCADA,sensor_reading,T176,override,info,192.168.4.115
2025-08-01T08:56:02Z,SCADA-007,SCADA,sensor_reading,T119,56.5,info,192.168.2.43
2025-08-01T09:01:17Z,SCADA-003,SCADA,sensor_reading,T134,override,critical,10.0.0.254
2025-08-01T08:58:03Z,SCADA-010,SCADA,logic_change,T163,override,critical,10.0.0.254
2025-08-01T08:05:44Z,SCADA-010,SCADA,sensor_reading,T177,closed,info,192.168.4.108
2025-08-01T08:37:42Z,SCADA-004,SCADA,valve_status,T197,override,info,192.168.1.129
2025-08-01T08:45:22Z,SCADA-010,SCADA,valve_status,T157,61.7,info,192.168.0.217
2025-08-01T08:14:14Z,SCADA-007,SCADA,sensor_reading,T144,override,critical,192.168.99.99
2025-08-01T08:03:35Z,SCADA-004,SCADA,logic_change,T127,override,critical,192.168.99.99
2025-08-01T08:45:43Z,SCADA-004,SCADA,logic_change,T126,override,info,192.168.0.219
2025-08-01T08:41:21Z,SCADA-008,SCADA,sensor_reading,T168,override,critical,192.168.99.99
2025-08-01T08:26:32Z,SCADA-004,SCADA,logic_change,T171,override,critical,10.0.0.254
2025-08-01T08:02:34Z,SCADA-001,SCADA,valve_status,T186,override,critical,10.0.0.254
2025-08-01T08:45:10Z,SCADA-008,SCADA,logic_change,T127,override,info,192.168.0.227
2025-08-01T08:01:13Z,SCADA-004,SCADA,sensor_reading,T168,override,critical,10.0.0.254
2025-08-01T08:50:03Z,SCADA-010,SCADA,logic_change,T110,override,critical,192.168.99.99
2025-08-01T08:24:02Z,SCADA-008,SCADA,logic_change,T148,closed,info,192.168.0.165
2025-08-01T08:32:51Z,SCADA-003,SCADA,valve_status,T113,override,critical,10.0.0.254
2025-08-01T08:29:13Z,SCADA-002,SCADA,sensor_reading,T198,override,critical,10.0.0.254
2025-08-01T08:04:07Z,SCADA-004,SCADA,valve_status,T146,override,critical,10.0.0.254
2025-08-01T08:55:01Z,SCADA-007,SCADA,logic_change,T192,64.4,info,192.168.3.201
2025-08-01T08:02:02Z,SCADA-003,SCADA,logic_change,T126,63.9,info,192.168.1.101
2025-08-01T08:30:12Z,SCADA-010,SCADA,logic_change,T169,closed,info,192.168.2.46
2025-08-01T09:00:34Z,SCADA-010,SCADA,logic_change,T174,override,critical,10.0.0.254
2025-08-01T08:40:16Z,SCADA-007,SCADA,valve_status,T186,93.6,info,192.168.3.54
2025-08-01T08:05:31Z,SCADA-002,SCADA,valve_status,T158,override,critical,10.0.0.254
2025-08-01T08:16:18Z,SCADA-009,SCADA,logic_change,T175,override,critical,192.168.99.99
2025-08-01T08:57:47Z,SCADA-007,SCADA,logic_change,T189,open,info,192.168.1.86
2025-08-01T08:50:27Z,SCADA-006,SCADA,valve_status,T157,override,critical,192.168.99.99
2025-08-01T08:18:15Z,SCADA-001,SCADA,logic_change,T114,override,info,192.168.1.181
2025-08-01T08:51:33Z,SCADA-004,SCADA,logic_change,T127,open,info,192.168.4.112
2025-08-01T08:02:19Z,SCADA-010,SCADA,logic_change,T116,closed,info,192.168.5.49
2025-08-01T08:53:48Z,SCADA-008,SCADA,logic_change,T166,override,critical,192.168.99.99
2025-08-01T08:36:41Z,SCADA-008,SCADA,sensor_reading,T152,override,critical,192.168.99.99
2025-08-01T08:35:44Z,SCADA-003,SCADA,logic_change,T140,override,critical,10.0.0.254
2025-08-01T08:01:07Z,SCADA-001,SCADA,sensor_reading,T129,override,critical,10.0.0.254
2025-08-01T08:29:59Z,SCADA-002,SCADA,logic_change,T164,override,critical,192.168.99.99
2025-08-01T08:32:32Z,SCADA-009,SCADA,logic_change,T178,open,info,192.168.2.48
2025-08-01T08:48:57Z,SCADA-008,SCADA,sensor_reading,T159,open,info,192.168.2.88
2025-08-01T09:02:07Z,SCADA-008,SCADA,sensor_reading,T166,open,info,192.168.5.40
2025-08-01T08:37:58Z,SCADA-006,SCADA,valve_status,T158,override,critical,192.168.99.99
2025-08-01T08:45:59Z,SCADA-003,SCADA,valve_status,T196,override,critical,192.168.99.99
2025-08-01T08:09:51Z,SCADA-005,SCADA,valve_status,T117,override,critical,10.0.0.254
2025-08-01T08:03:02Z,SCADA-004,SCADA,sensor_reading,T155,override,critical,192.168.99.99
2025-08-01T08:38:08Z,SCADA-007,SCADA,logic_change,T199,closed,info,192.168.0.216
2025-08-01T08:20:08Z,SCADA-008,SCADA,valve_status,T140,override,critical,10.0.0.254
2025-08-01T08:54:31Z,SCADA-007,SCADA,sensor_reading,T152,open,info,192.168.1.130
2025-08-01T08:29:44Z,SCADA-001,SCADA,valve_status,T124,override,info,192.168.1.102
2025-08-01T08:27:58Z,SCADA-005,SCADA,logic_change,T173,override,critical,192.168.99.99
2025-08-01T08:17:58Z,SCADA-008,SCADA,logic_change,T160,override,critical,192.168.99.99
2025-08-01T08:54:59Z,SCADA-003,SCADA,valve_status,T164,override,critical,10.0.0.254
2025-08-01T08:30:05Z,SCADA-009,SCADA,logic_change,T152,override,critical,10.0.0.254
2025-08-01T08:14:03Z,SCADA-010,SCADA,valve_status,T163,override,critical,10.0.0.254
2025-08-01T08:17:37Z,SCADA-001,SCADA,logic_change,T139,open,info,192.168.1.238
2025-08-01T08:29:05Z,SCADA-007,SCADA,valve_status,T153,override,info,192.168.5.168
2025-08-01T08:48:50Z,SCADA-008,SCADA,sensor_reading,T102,closed,info,192.168.4.33
2025-08-01T08:29:00Z,SCADA-002,SCADA,valve_status,T189,override,critical,192.168.99.99
2025-08-01T08:48:47Z,SCADA-006,SCADA,valve_status,T166,override,critical,10.0.0.254
2025-08-01T08:47:36Z,SCADA-002,SCADA,valve_status,T145,override,critical,192.168.99.99
2025-08-01T08:54:47Z,SCADA-007,SCADA,valve_status,T123,closed,info,192.168.1.24
2025-08-01T08:09:56Z,SCADA-005,SCADA,valve_status,T156,closed,info,192.168.2.201
2025-08-01T08:52:01Z,SCADA-006,SCADA,valve_status,T188,open,info,192.168.3.38
2025-08-01T08:18:48Z,SCADA-003,SCADA,sensor_reading,T118,override,critical,10.0.0.254
2025-08-01T08:16:58Z,SCADA-006,SCADA,valve_status,T102,override,critical,192.168.99.99
2025-08-01T08:02:27Z,SCADA-001,SCADA,logic_change,T140,open,info,192.168.1.201
2025-08-01T08:51:57Z,SCADA-003,SCADA,sensor_reading,T164,override,critical,192.168.99.99
2025-08-01T08:51:13Z,SCADA-010,SCADA,sensor_reading,T181,override,critical,192.168.99.99
2025-08-01T08:08:41Z,SCADA-008,SCADA,logic_change,T160,override,info,192.168.0.81
2025-08-01T08:14:36Z,SCADA-008,SCADA,valve_status,T171,override,critical,10.0.0.254
2025-08-01T08:40:01Z,SCADA-010,SCADA,sensor_reading,T154,closed,info,192.168.2.116
2025-08-01T08:19:48Z,SCADA-010,SCADA,logic_change,T116,override,critical,10.0.0.254
2025-08-01T08:50:12Z,SCADA-002,SCADA,valve_status,T109,override,critical,10.0.0.254
2025-08-01T08:05:15Z,SCADA-001,SCADA,valve_status,T116,32.9,info,192.168.3.77
2025-08-01T08:07:01Z,SCADA-006,SCADA,valve_status,T176,open,info,192.168.0.101
2025-08-01T08:44:54Z,SCADA-004,SCADA,logic_change,T135,34.1,info,192.168.2.225
2025-08-01T09:00:56Z,SCADA-001,SCADA,sensor_reading,T168,override,critical,192.168.99.99
2025-08-01T08:44:48Z,SCADA-002,SCADA,logic_change,T174,77.3,info,192.168.4.189
2025-08-01T08:00:46Z,SCADA-003,SCADA,logic_change,T192,open,info,192.168.5.113
2025-08-01T08:21:12Z,SCADA-005,SCADA,sensor_reading,T177,override,critical,10.0.0.254
2025-08-01T08:57:14Z,SCADA-004,SCADA,sensor_reading,T144,open,info,192.168.3.14
2025-08-01T08:50:49Z,SCADA-008,SCADA,valve_status,T177,44.5,info,192.168.0.100
2025-08-01T08:40:30Z,SCADA-005,SCADA,sensor_reading,T178,closed,info,192.168.2.16
2025-08-01T08:47:33Z,SCADA-001,SCADA,sensor_reading,T151,open,info,192.168.2.164
2025-08-01T08:37:18Z,SCADA-007,SCADA,logic_change,T142,override,critical,192.168.99.99
2025-08-01T08:31:19Z,SCADA-006,SCADA,sensor_reading,T131,override,critical,10.0.0.254
2025-08-01T08:32:08Z,SCADA-004,SCADA,sensor_reading,T157,override,critical,10.0.0.254
2025-08-01T08:17:12Z,SCADA-010,SCADA,valve_status,T192,override,critical,192.168.99.99
2025-08-01T08:11:04Z,SCADA-005,SCADA,logic_change,T191,override,critical,192.168.99.99
2025-08-01T08:11:06Z,SCADA-010,SCADA,valve_status,T142,open,info,192.168.5.30
2025-08-01T08:29:21Z,SCADA-001,SCADA,valve_status,T184,override,critical,10.0.0.254
2025-08-01T08:40:45Z,SCADA-002,SCADA,logic_change,T157,closed,info,192.168.5.233
2025-08-01T08:38:49Z,SCADA-002,SCADA,sensor_reading,T116,override,info,192.168.1.234
2025-08-01T08:52:47Z,SCADA-009,SCADA,valve_status,T151,override,critical,10.0.0.254
2025-08-01T08:36:59Z,SCADA-010,SCADA,sensor_reading,T111,override,info,192.168.4.224
2025-08-01T08:58:08Z,SCADA-002,SCADA,sensor_reading,T189,81.1,info,192.168.2.176
2025-08-01T08:17:52Z,SCADA-005,SCADA,valve_status,T138,open,info,192.168.0.130
2025-08-01T08:22:47Z,SCADA-007,SCADA,logic_change,T182,override,critical,10.0.0.254
2025-08-01T08:35:55Z,SCADA-008,SCADA,sensor_reading,T190,closed,info,192.168.3.22
2025-08-01T08:52:23Z,SCADA-005,SCADA,logic_change,T134,override,info,192.168.0.129
2025-08-01T08:55:43Z,SCADA-006,SCADA,valve_status,T152,open,info,192.168.3.97
2025-08-01T08:02:12Z,SCADA-003,SCADA,logic_change,T197,override,info,192.168.4.47
2025-08-01T08:28:34Z,SCADA-009,SCADA,valve_status,T197,override,info,192.168.5.90
2025-08-01T08:58:38Z,SCADA-004,SCADA,valve_status,T158,override,critical,10.0.0.254
2025-08-01T09:01:08Z,SCADA-009,SCADA,logic_change,T143,open,info,192.168.1.116
2025-08-01T08:03:31Z,SCADA-002,SCADA,sensor_reading,T112,open,info,192.168.4.137
2025-08-01T08:28:44Z,SCADA-004,SCADA,valve_status,T188,open,info,192.168.4.200
2025-08-01T08:57:35Z,SCADA-002,SCADA,logic_change,T194,override,critical,192.168.99.99
2025-08-01T08:47:46Z,SCADA-006,SCADA,sensor_reading,T188,override,info,192.168.5.41
2025-08-01T08:28:24Z,SCADA-005,SCADA,logic_change,T177,override,critical,10.0.0.254
2025-08-01T08:22:17Z,SCADA-006,SCADA,sensor_reading,T171,closed,info,192.168.3.43
2025-08-01T08:18:13Z,SCADA-007,SCADA,valve_status,T164,override,critical,192.168.99.99
2025-08-01T08:57:58Z,SCADA-002,SCADA,logic_change,T167,override,critical,192.168.99.99
2025-08-01T08:42:53Z,SCADA-003,SCADA,valve_status,T186,override,info,192.168.1.164
2025-08-01T08:07:06Z,SCADA-005,SCADA,logic_change,T161,override,critical,192.168.99.99
2025-08-01T08:04:48Z,SCADA-007,SCADA,logic_change,T179,override,info,192.168.5.51
2025-08-01T08:09:34Z,SCADA-008,SCADA,logic_change,T139,override,critical,192.168.99.99
2025-08-01T09:00:59Z,SCADA-004,SCADA,sensor_reading,T104,83.9,info,192.168.3.45
2025-08-01T08:52:24Z,SCADA-008,SCADA,logic_change,T190,override,critical,10.0.0.254
2025-08-01T08:58:57Z,SCADA-003,SCADA,sensor_reading,T138,override,info,192.168.1.32
2025-08-01T08:36:03Z,SCADA-005,SCADA,logic_change,T163,override,critical,10.0.0.254
2025-08-01T08:29:10Z,SCADA-010,SCADA,sensor_reading,T193,43.7,info,192.168.1.224
2025-08-01T08:41:19Z,SCADA-007,SCADA,valve_status,T113,open,info,192.168.3.21
2025-08-01T08:38:28Z,SCADA-010,SCADA,logic_change,T180,75.4,info,192.168.3.79
2025-08-01T08:24:55Z,SCADA-003,SCADA,sensor_reading,T195,override,critical,192.168.99.99
2025-08-01T08:28:08Z,SCADA-003,SCADA,sensor_reading,T158,open,info,192.168.1.96
2025-08-01T09:01:13Z,SCADA-005,SCADA,logic_change,T169,48.4,info,192.168.2.112
2025-08-01T08:33:03Z,SCADA-010,SCADA,logic_change,T116,open,info,192.168.4.131
2025-08-01T08:58:31Z,SCADA-002,SCADA,logic_change,T173,override,critical,192.168.99.99
2025-08-01T08:38:28Z,SCADA-006,SCADA,logic_change,T153,override,critical,192.168.99.99
2025-08-01T08:15:57Z,SCADA-007,SCADA,valve_status,T130,38.4,info,192.168.4.54
2025-08-01T08:18:58Z,SCADA-004,SCADA,valve_status,T114,override,critical,192.168.99.99
2025-08-01T08:26:28Z,SCADA-003,SCADA,logic_change,T122,closed,info,192.168.1.223
2025-08-01T08:25:12Z,SCADA-001,SCADA,logic_change,T186,override,critical,192.168.99.99
2025-08-01T08:31:25Z,SCADA-010,SCADA,logic_change,T117,override,critical,10.0.0.254
2025-08-01T08:09:10Z,SCADA-007,SCADA,sensor_reading,T161,override,critical,192.168.99.99
2025-08-01T08:43:57Z,SCADA-001,SCADA,valve_status,T129,override,critical,192.168.99.99
2025-08-01T08:10:16Z,SCADA-001,SCADA,sensor_reading,T164,open,info,192.168.5.2
2025-08-01T08:08:38Z,SCADA-010,SCADA,sensor_reading,T132,override,critical,192.168.99.99
2025-08-01T08:24:23Z,SCADA-001,SCADA,logic_change,T189,override,critical,10.0.0.254
2025-08-01T08:14:42Z,SCADA-009,SCADA,sensor_reading,T104,21.4,info,192.168.3.69
2025-08-01T08:10:40Z,SCADA-007,SCADA,sensor_reading,T154,open,info,192.168.5.199
2025-08-01T08:28:39Z,SCADA-006,SCADA,logic_change,T185,override,critical,192.168.99.99
2025-08-01T08:25:51Z,SCADA-008,SCADA,sensor_reading,T139,override,critical,192.168.99.99
2025-08-01T08:55:34Z,SCADA-005,SCADA,valve_status,T171,39.9,info,192.168.1.179
2025-08-01T08:43:27Z,SCADA-001,SCADA,sensor_reading,T139,closed,info,192.168.5.84
2025-08-01T08:24:18Z,SCADA-006,SCADA,valve_status,T149,override,critical,10.0.0.254
2025-08-01T08:02:44Z,SCADA-003,SCADA,logic_change,T135,override,info,192.168.3.207
2025-08-01T08:02:48Z,SCADA-004,SCADA,valve_status,T165,override,critical,10.0.0.254
2025-08-01T08:01:01Z,SCADA-004,SCADA,sensor_reading,T143,override,info,192.168.1.171
2025-08-01T08:31:01Z,SCADA-002,SCADA,sensor_reading,T120,closed,info,192.168.4.55
2025-08-01T08:52:12Z,SCADA-008,SCADA,valve_status,T181,51.4,info,192.168.2.204
2025-08-01T08:52:44Z,SCADA-006,SCADA,sensor_reading,T153,closed,info,192.168.1.113
2025-08-01T08:11:56Z,SCADA-001,SCADA,logic_change,T159,override,critical,192.168.99.99
2025-08-01T08:50:32Z,SCADA-009,SCADA,sensor_reading,T112,override,critical,192.168.99.99
2025-08-01T08:07:38Z,SCADA-008,SCADA,sensor_reading,T107,override,critical,10.0.0.254
2025-08-01T08:56:55Z,SCADA-003,SCADA,logic_change,T191,override,critical,10.0.0.254
2025-08-01T08:34:29Z,SCADA-008,SCADA,logic_change,T153,override,critical,192.168.99.99
2025-08-01T08:33:48Z,SCADA-004,SCADA,logic_change,T138,open,info,192.168.1.133
2025-08-01T08:37:26Z,SCADA-005,SCADA,valve_status,T158,override,critical,10.0.0.254
2025-08-01T08:23:37Z,SCADA-006,SCADA,logic_change,T133,26.5,info,192.168.1.214
2025-08-01T08:54:22Z,SCADA-003,SCADA,valve_status,T157,86.5,info,192.168.1.133
2025-08-01T08:05:06Z,SCADA-005,SCADA,logic_change,T112,override,critical,10.0.0.254
2025-08-01T08:31:43Z,SCADA-001,SCADA,logic_change,T121,70.5,info,192.168.4.226
2025-08-01T08:50:47Z,SCADA-007,SCADA,valve_status,T160,override,critical,192.168.99.99
2025-08-01T09:03:17Z,SCADA-002,SCADA,logic_change,T111,override,critical,192.168.99.99
2025-08-01T08:41:46Z,SCADA-002,SCADA,logic_change,T115,34.6,info,192.168.1.231
2025-08-01T08:03:40Z,SCADA-003,SCADA,logic_change,T164,closed,info,192.168.0.134
2025-08-01T08:56:13Z,SCADA-007,SCADA,sensor_reading,T178,22.2,info,192.168.0.68
2025-08-01T08:10:41Z,SCADA-007,SCADA,logic_change,T191,override,critical,10.0.0.254
2025-08-01T08:08:47Z,SCADA-002,SCADA,sensor_reading,T135,57.2,info,192.168.1.27
2025-08-01T08:02:37Z,SCADA-001,SCADA,sensor_reading,T158,open,info,192.168.1.64
2025-08-01T08:48:04Z,SCADA-010,SCADA,valve_status,T104,override,critical,10.0.0.254
2025-08-01T08:04:49Z,SCADA-001,SCADA,sensor_reading,T191,override,critical,192.168.99.99
2025-08-01T08:00:53Z,SCADA-005,SCADA,logic_change,T130,override,critical,192.168.99.99
2025-08-01T08:58:32Z,SCADA-003,SCADA,valve_status,T144,override,info,192.168.2.198
2025-08-01T08:22:22Z,SCADA-005,SCADA,sensor_reading,T194,closed,info,192.168.3.70
2025-08-01T08:12:11Z,SCADA-007,SCADA,logic_change,T102,override,critical,10.0.0.254
2025-08-01T08:02:25Z,SCADA-003,SCADA,logic_change,T176,override,critical,10.0.0.254
2025-08-01T08:10:51Z,SCADA-003,SCADA,logic_change,T106,override,critical,192.168.99.99
2025-08-01T08:47:05Z,SCADA-006,SCADA,sensor_reading,T169,override,critical,192.168.99.99
2025-08-01T08:28:17Z,SCADA-003,SCADA,sensor_reading,T180,override,critical,10.0.0.254
2025-08-01T08:52:17Z,SCADA-008,SCADA,logic_change,T139,open,info,192.168.5.178
2025-08-01T08:06:46Z,SCADA-006,SCADA,sensor_reading,T180,override,critical,10.0.0.254
2025-08-01T08:43:42Z,SCADA-007,SCADA,valve_status,T141,override,critical,10.0.0.254
2025-08-01T08:35:40Z,SCADA-007,SCADA,sensor_reading,T128,closed,info,192.168.4.116
2025-08-01T08:04:56Z,SCADA-007,SCADA,logic_change,T129,override,critical,192.168.99.99
2025-08-01T08:15:04Z,SCADA-008,SCADA,valve_status,T189,override,critical,10.0.0.254
2025-08-01T08:46:45Z,SCADA-005,SCADA,logic_change,T127,open,info,192.168.1.101
2025-08-01T08:25:43Z,SCADA-007,SCADA,valve_status,T167,override,info,192.168.4.55
2025-08-01T08:40:40Z,SCADA-008,SCADA,logic_change,T136,override,critical,192.168.99.99
2025-08-01T08:35:24Z,SCADA-010,SCADA,logic_change,T157,open,info,192.168.1.34
2025-08-01T08:21:49Z,SCADA-003,SCADA,logic_change,T110,override,info,192.168.5.207
2025-08-01T08:09:26Z,SCADA-010,SCADA,sensor_reading,T111,override,critical,10.0.0.254
2025-08-01T08:57:16Z,SCADA-010,SCADA,sensor_reading,T101,override,critical,10.0.0.254
2025-08-01T08:00:51Z,SCADA-002,SCADA,valve_status,T135,52.7,info,192.168.3.64
2025-08-01T08:03:29Z,SCADA-008,SCADA,valve_status,T133,override,critical,192.168.99.99
2025-08-01T08:25:37Z,SCADA-009,SCADA,sensor_reading,T167,override,critical,10.0.0.254
2025-08-01T08:42:30Z,SCADA-007,SCADA,sensor_reading,T118,57.4,info,192.168.1.79
2025-08-01T08:03:09Z,SCADA-006,SCADA,sensor_reading,T186,override,critical,192.168.99.99
2025-08-01T08:59:54Z,SCADA-001,SCADA,valve_status,T126,override,critical,192.168.99.99
2025-08-01T09:02:36Z,SCADA-001,SCADA,valve_status,T190,override,critical,192.168.99.99
2025-08-01T08:07:29Z,SCADA-009,SCADA,logic_change,T149,override,info,192.168.5.75
2025-08-01T08:16:44Z,SCADA-008,SCADA,logic_change,T164,open,info,192.168.3.207
2025-08-01T08:48:38Z,SCADA-003,SCADA,sensor_reading,T190,override,critical,10.0.0.254
2025-08-01T08:33:20Z,SCADA-009,SCADA,valve_status,T173,override,critical,10.0.0.254
2025-08-01T08:16:04Z,SCADA-009,SCADA,valve_status,T105,closed,info,192.168.4.96
2025-08-01T08:20:38Z,SCADA-006,SCADA,sensor_reading,T135,override,critical,10.0.0.254
2025-08-01T08:53:56Z,SCADA-002,SCADA,sensor_reading,T158,closed,info,192.168.3.143
2025-08-01T08:40:52Z,SCADA-008,SCADA,valve_status,T108,closed,info,192.168.5.106
2025-08-01T08:27:06Z,SCADA-004,SCADA,sensor_reading,T151,83.6,info,192.168.4.38
2025-08-01T09:02:20Z,SCADA-010,SCADA,valve_status,T183,override,critical,10.0.0.254
2025-08-01T08:26:56Z,SCADA-004,SCADA,logic_change,T140,closed,info,192.168.1.111
2025-08-01T08:44:07Z,SCADA-005,SCADA,sensor_reading,T193,override,critical,192.168.99.99
2025-08-01T08:53:28Z,SCADA-009,SCADA,sensor_reading,T107,override,info,192.168.1.174
2025-08-01T08:06:36Z,SCADA-009,SCADA,logic_change,T196,closed,info,192.168.0.205
2025-08-01T08:13:32Z,SCADA-001,SCADA,sensor_reading,T181,open,info,192.168.0.66
2025-08-01T08:38:43Z,SCADA-005,SCADA,sensor_reading,T126,override,critical,192.168.99.99
2025-08-01T08:47:41Z,SCADA-003,SCADA,sensor_reading,T190,closed,info,192.168.5.27
2025-08-01T08:15:48Z,SCADA-001,SCADA,valve_status,T132,override,info,192.168.2.159
2025-08-01T08:52:16Z,SCADA-001,SCADA,logic_change,T131,override,critical,192.168.99.99
2025-08-01T08:07:48Z,SCADA-003,SCADA,valve_status,T132,override,critical,192.168.99.99
2025-08-01T08:30:37Z,SCADA-008,SCADA,valve_status,T185,closed,info,192.168.3.24
2025-08-01T08:22:37Z,SCADA-002,SCADA,valve_status,T173,closed,info,192.168.5.14
2025-08-01T08:11:51Z,SCADA-009,SCADA,sensor_reading,T184,override,critical,192.168.99.99
2025-08-01T08:19:41Z,SCADA-006,SCADA,logic_change,T111,override,critical,10.0.0.254
2025-08-01T08:45:00Z,SCADA-003,SCADA,sensor_reading,T122,override,critical,192.168.99.99
2025-08-01T08:18:41Z,SCADA-003,SCADA,sensor_reading,T150,override,critical,192.168.99.99
2025-08-01T08:34:25Z,SCADA-002,SCADA,valve_status,T186,36.0,info,192.168.3.208
2025-08-01T08:05:52Z,SCADA-005,SCADA,logic_change,T142,61.1,info,192.168.4.144
2025-08-01T08:00:36Z,SCADA-006,SCADA,logic_change,T122,68.9,info,192.168.1.187
2025-08-01T08:34:56Z,SCADA-009,SCADA,valve_status,T110,override,critical,10.0.0.254
2025-08-01T08:08:05Z,SCADA-009,SCADA,valve_status,T162,closed,info,192.168.1.86
2025-08-01T08:18:22Z,SCADA-010,SCADA,logic_change,T119,override,critical,10.0.0.254
2025-08-01T08:02:42Z,SCADA-003,SCADA,valve_status,T104,override,critical,10.0.0.254
2025-08-01T08:08:04Z,SCADA-002,SCADA,sensor_reading,T128,override,critical,192.168.99.99
2025-08-01T08:34:05Z,SCADA-005,SCADA,valve_status,T157,override,critical,10.0.0.254
2025-08-01T08:48:11Z,SCADA-007,SCADA,logic_change,T193,open,info,192.168.3.47
2025-08-01T08:05:25Z,SCADA-006,SCADA,logic_change,T103,64.7,info,192.168.1.201
2025-08-01T09:01:41Z,SCADA-007,SCADA,logic_change,T175,override,info,192.168.4.38
2025-08-01T08:05:05Z,SCADA-008,SCADA,logic_change,T160,closed,info,192.168.3.40
2025-08-01T08:17:02Z,SCADA-007,SCADA,logic_change,T111,override,info,192.168.5.179
2025-08-01T09:00:17Z,SCADA-002,SCADA,sensor_reading,T124,override,info,192.168.2.106
2025-08-01T08:22:25Z,SCADA-002,SCADA,valve_status,T114,override,critical,10.0.0.254
2025-08-01T08:52:32Z,SCADA-001,SCADA,logic_change,T103,override,critical,10.0.0.254
2025-08-01T08:54:49Z,SCADA-002,SCADA,sensor_reading,T193,override,critical,10.0.0.254
2025-08-01T08:20:52Z,SCADA-002,SCADA,logic_change,T142,open,info,192.168.2.175
2025-08-01T08:20:14Z,SCADA-002,SCADA,valve_status,T152,override,critical,192.168.99.99
2025-08-01T08:16:36Z,SCADA-008,SCADA,sensor_reading,T131,25.5,info,192.168.0.55
2025-08-01T08:49:46Z,SCADA-003,SCADA,valve_status,T185,override,critical,10.0.0.254
2025-08-01T08:36:37Z,SCADA-003,SCADA,sensor_reading,T138,40.1,info,192.168.5.223
2025-08-01T08:14:23Z,SCADA-009,SCADA,valve_status,T111,override,critical,192.168.99.99
2025-08-01T08:53:59Z,SCADA-007,SCADA,logic_change,T149,override,critical,192.168.99.99
2025-08-01T08:36:19Z,SCADA-006,SCADA,valve_status,T129,override,critical,10.0.0.254
2025-08-01T08:23:20Z,SCADA-001,SCADA,logic_change,T147,override,critical,192.168.99.99
2025-08-01T09:00:13Z,SCADA-010,SCADA,sensor_reading,T114,override,critical,192.168.99.99
2025-08-01T08:13:11Z,SCADA-002,SCADA,sensor_reading,T160,override,info,192.168.3.217
2025-08-01T08:52:55Z,SCADA-001,SCADA,sensor_reading,T176,override,critical,192.168.99.99
2025-08-01T08:59:39Z,SCADA-003,SCADA,sensor_reading,T141,43.9,info,192.168.3.34
2025-08-01T08:30:55Z,SCADA-007,SCADA,valve_status,T139,override,info,192.168.1.32
2025-08-01T08:49:58Z,SCADA-009,SCADA,logic_change,T171,override,critical,10.0.0.254
2025-08-01T08:03:58Z,SCADA-008,SCADA,valve_status,T164,override,critical,10.0.0.254
2025-08-01T08:15:06Z,SCADA-005,SCADA,logic_change,T103,override,info,192.168.5.94
2025-08-01T08:05:58Z,SCADA-010,SCADA,valve_status,T117,35.7,info,192.168.1.105
2025-08-01T08:55:12Z,SCADA-006,SCADA,sensor_reading,T151,closed,info,192.168.5.42
2025-08-01T08:13:41Z,SCADA-007,SCADA,logic_change,T147,closed,info,192.168.0.51
2025-08-01T08:43:02Z,SCADA-008,SCADA,valve_status,T198,closed,info,192.168.0.233
2025-08-01T08:17:18Z,SCADA-009,SCADA,valve_status,T196,override,critical,192.168.99.99
2025-08-01T08:48:02Z,SCADA-010,SCADA,logic_change,T156,override,info,192.168.5.248
2025-08-01T08:04:07Z,SCADA-001,SCADA,valve_status,T132,override,info,192.168.2.209
2025-08-01T08:49:30Z,SCADA-007,SCADA,logic_change,T157,closed,info,192.168.5.57
2025-08-01T08:40:26Z,SCADA-010,SCADA,sensor_reading,T160,override,critical,192.168.99.99
2025-08-01T08:27:23Z,SCADA-003,SCADA,sensor_reading,T103,open,info,192.168.3.135
2025-08-01T08:34:20Z,SCADA-010,SCADA,logic_change,T155,override,critical,10.0.0.254
2025-08-01T08:23:26Z,SCADA-003,SCADA,logic_change,T107,override,critical,192.168.99.99
2025-08-01T08:04:39Z,SCADA-003,SCADA,logic_change,T100,58.7,info,192.168.0.60
2025-08-01T08:59:34Z,SCADA-010,SCADA,valve_status,T151,override,critical,10.0.0.254
2025-08-01T08:27:44Z,SCADA-010,SCADA,valve_status,T138,open,info,192.168.2.250
2025-08-01T08:37:35Z,SCADA-009,SCADA,valve_status,T187,override,info,192.168.0.168
2025-08-01T08:41:29Z,SCADA-004,SCADA,logic_change,T117,80.1,info,192.168.2.229
2025-08-01T08:01:59Z,SCADA-010,SCADA,valve_status,T158,override,critical,10.0.0.254
2025-08-01T08:54:04Z,SCADA-007,SCADA,sensor_reading,T111,32.7,info,192.168.3.96
2025-08-01T08:46:15Z,SCADA-006,SCADA,valve_status,T157,override,critical,192.168.99.99
2025-08-01T08:33:47Z,SCADA-008,SCADA,logic_change,T165,override,critical,10.0.0.254
2025-08-01T09:00:34Z,SCADA-004,SCADA,logic_change,T105,override,info,192.168.5.72
2025-08-01T08:42:17Z,SCADA-004,SCADA,logic_change,T131,override,critical,10.0.0.254
2025-08-01T08:44:22Z,SCADA-005,SCADA,sensor_reading,T163,override,critical,10.0.0.254
2025-08-01T08:06:22Z,SCADA-007,SCADA,valve_status,T102,override,critical,10.0.0.254
2025-08-01T08:31:30Z,SCADA-007,SCADA,sensor_reading,T127,open,info,192.168.5.25
2025-08-01T08:16:56Z,SCADA-006,SCADA,valve_status,T163,83.0,info,192.168.5.61
2025-08-01T08:59:14Z,SCADA-010,SCADA,valve_status,T183,67.3,info,192.168.2.76
2025-08-01T08:53:34Z,SCADA-009,SCADA,sensor_reading,T142,override,info,192.168.4.228
2025-08-01T08:28:26Z,SCADA-002,SCADA,valve_status,T146,42.1,info,192.168.3.60
2025-08-01T08:01:19Z,SCADA-008,SCADA,logic_change,T149,override,critical,192.168.99.99
2025-08-01T08:15:23Z,SCADA-001,SCADA,valve_status,T189,open,info,192.168.0.150
2025-08-01T08:44:18Z,SCADA-008,SCADA,logic_change,T177,open,info,192.168.5.84
2025-08-01T08:29:35Z,SCADA-006,SCADA,sensor_reading,T124,88.2,info,192.168.2.32
2025-08-01T08:55:06Z,SCADA-002,SCADA,valve_status,T156,override,info,192.168.2.218
2025-08-01T08:29:52Z,SCADA-009,SCADA,valve_status,T132,override,critical,10.0.0.254
2025-08-01T08:24:32Z,SCADA-008,SCADA,sensor_reading,T171,59.7,info,192.168.5.115
2025-08-01T08:24:56Z,SCADA-006,SCADA,sensor_reading,T101,open,info,192.168.5.99
2025-08-01T08:33:34Z,SCADA-008,SCADA,sensor_reading,T140,54.1,info,192.168.5.45
2025-08-01T09:00:19Z,SCADA-002,SCADA,valve_status,T107,override,critical,10.0.0.254
2025-08-01T08:21:26Z,SCADA-004,SCADA,valve_status,T109,override,critical,192.168.99.99
2025-08-01T09:01:05Z,SCADA-007,SCADA,logic_change,T181,override,critical,10.0.0.254
2025-08-01T08:39:20Z,SCADA-008,SCADA,logic_change,T100,override,critical,10.0.0.254
2025-08-01T08:03:58Z,SCADA-002,SCADA,logic_change,T162,open,info,192.168.2.138
2025-08-01T08:37:22Z,SCADA-001,SCADA,sensor_reading,T151,38.4,info,192.168.5.106
2025-08-01T08:36:11Z,SCADA-004,SCADA,valve_status,T116,36.1,info,192.168.1.134
2025-08-01T08:47:27Z,SCADA-002,SCADA,logic_change,T126,override,critical,10.0.0.254
2025-08-01T08:27:39Z,SCADA-007,SCADA,logic_change,T104,closed,info,192.168.3.101
