timestamp,device_id,protocol,event_type,tag,value,severity,source_ip
2025-08-01T08:00:00Z,SCADA-005,SCADA,logic_change,T183,override,critical,192.168.99.99
2025-08-01T08:00:08Z,SCADA-004,SCADA,sensor_reading,T161,override,critical,192.168.99.99
2025-08-01T08:00:18Z,SCADA-004,SCADA,logic_change,T153,override,critical,192.168.99.99
2025-08-01T08:00:27Z,SCADA-006,SCADA,valve_status,T183,override,critical,192.168.99.99
2025-08-01T08:00:32Z,SCADA-003,SCADA,sensor_reading,T121,override,critical,192.168.99.99
2025-08-01T08:00:39Z,SCADA-002,SCADA,valve_status,T114,override,critical,192.168.99.99
2025-08-01T08:00:47Z,SCADA-001,SCADA,logic_change,T112,override,critical,10.0.0.254
2025-08-01T08:00:53Z,SCADA-005,SCADA,logic_change,T130,override,critical,192.168.99.99
2025-08-01T08:01:02Z,SCADA-010,SCADA,valve_status,T189,override,critical,10.0.0.254
2025-08-01T08:01:07Z,SCADA-001,SCADA,sensor_reading,T129,override,critical,10.0.0.254
2025-08-01T08:01:13Z,SCADA-004,SCADA,sensor_reading,T168,override,critical,10.0.0.254
2025-08-01T08:01:19Z,SCADA-008,SCADA,logic_change,T149,override,critical,192.168.99.99
2025-08-01T08:01:29Z,SCADA-007,SCADA,valve_status,T189,override,critical,192.168.99.99
2025-08-01T08:01:39Z,SCADA-008,SCADA,logic_change,T185,override,critical,192.168.99.99
2025-08-01T08:01:46Z,SCADA-002,SCADA,sensor_reading,T112,override,critical,192.168.99.99
2025-08-01T08:01:54Z,SCADA-010,SCADA,sensor_reading,T158,override,critical,192.168.99.99
2025-08-01T08:01:59Z,SCADA-010,SCADA,valve_status,T158,override,critical,10.0.0.254
2025-08-01T08:02:09Z,SCADA-006,SCADA,valve_status,T164,override,critical,192.168.99.99
2025-08-01T08:02:17Z,SCADA-006,SCADA,valve_status,T179,override,critical,10.0.0.254
2025-08-01T08:02:25Z,SCADA-003,SCADA,logic_change,T176,override,critical,10.0.0.254
2025-08-01T08:02:34Z,SCADA-001,SCADA,valve_status,T186,override,critical,10.0.0.254
2025-08-01T08:02:42Z,SCADA-003,SCADA,valve_status,T104,override,critical,10.0.0.254
2025-08-01T08:02:48Z,SCADA-004,SCADA,valve_status,T165,override,critical,10.0.0.254
2025-08-01T08:02:53Z,SCADA-010,SCADA,logic_change,T151,override,critical,192.168.99.99
2025-08-01T08:03:02Z,SCADA-004,SCADA,sensor_reading,T155,override,critical,192.168.99.99
2025-08-01T08:03:09Z,SCADA-006,SCADA,sensor_reading,T186,override,critical,192.168.99.99
2025-08-01T08:03:18Z,SCADA-005,SCADA,valve_status,T146,override,critical,10.0.0.254
2025-08-01T08:03:23Z,SCADA-006,SCADA,sensor_reading,T102,override,critical,10.0.0.254
2025-08-01T08:03:29Z,SCADA-008,SCADA,valve_status,T133,override,critical,192.168.99.99
2025-08-01T08:03:35Z,SCADA-004,SCADA,logic_change,T127,override,critical,192.168.99.99
2025-08-01T08:03:44Z,SCADA-008,SCADA,logic_change,T190,override,critical,10.0.0.254
2025-08-01T08:03:53Z,SCADA-003,SCADA,valve_status,T117,override,critical,10.0.0.254
2025-08-01T08:03:58Z,SCADA-008,SCADA,valve_status,T164,override,critical,10.0.0.254
2025-08-01T08:04:07Z,SCADA-004,SCADA,valve_status,T146,override,critical,10.0.0.254
2025-08-01T08:04:16Z,SCADA-006,SCADA,sensor_reading,T171,override,critical,192.168.99.99
2025-08-01T08:04:24Z,SCADA-003,SCADA,sensor_reading,T155,override,critical,192.168.99.99
2025-08-01T08:04:31Z,SCADA-009,SCADA,valve_status,T145,override,critical,192.168.99.99
2025-08-01T08:04:41Z,SCADA-008,SCADA,sensor_reading,T101,override,critical,192.168.99.99
2025-08-01T08:04:49Z,SCADA-001,SCADA,sensor_reading,T191,override,critical,192.168.99.99
2025-08-01T08:04:56Z,SCADA-007,SCADA,logic_change,T129,override,critical,192.168.99.99
2025-08-01T08:05:06Z,SCADA-005,SCADA,logic_change,T112,override,critical,10.0.0.254
2025-08-01T08:05:16Z,SCADA-005,SCADA,sensor_reading,T110,override,critical,192.168.99.99
2025-08-01T08:05:24Z,SCADA-005,SCADA,logic_change,T180,override,critical,192.168.99.99
2025-08-01T08:05:31Z,SCADA-002,SCADA,valve_status,T158,override,critical,10.0.0.254
2025-08-01T08:05:36Z,SCADA-002,SCADA,logic_change,T193,override,critical,192.168.99.99
2025-08-01T08:05:43Z,SCADA-009,SCADA,logic_change,T166,override,critical,10.0.0.254
2025-08-01T08:05:52Z,SCADA-010,SCADA,logic_change,T122,override,critical,10.0.0.254
2025-08-01T08:06:02Z,SCADA-010,SCADA,sensor_reading,T116,override,critical,192.168.99.99
2025-08-01T08:06:10Z,SCADA-009,SCADA,valve_status,T124,override,critical,10.0.0.254
2025-08-01T08:06:15Z,SCADA-006,SCADA,logic_change,T194,override,critical,10.0.0.254
2025-08-01T08:06:22Z,SCADA-007,SCADA,valve_status,T102,override,critical,10.0.0.254
2025-08-01T08:06:30Z,SCADA-007,SCADA,valve_status,T108,override,critical,192.168.99.99
2025-08-01T08:06:39Z,SCADA-001,SCADA,logic_change,T189,override,critical,192.168.99.99
2025-08-01T08:06:46Z,SCADA-006,SCADA,sensor_reading,T180,override,critical,10.0.0.254
2025-08-01T08:06:51Z,SCADA-008,SCADA,sensor_reading,T192,override,critical,192.168.99.99
2025-08-01T08:06:59Z,SCADA-001,SCADA,sensor_reading,T136,override,critical,192.168.99.99
2025-08-01T08:07:06Z,SCADA-005,SCADA,logic_change,T161,override,critical,192.168.99.99
2025-08-01T08:07:16Z,SCADA-001,SCADA,logic_change,T118,override,critical,192.168.99.99
2025-08-01T08:07:23Z,SCADA-009,SCADA,valve_status,T178,override,critical,10.0.0.254
2025-08-01T08:07:32Z,SCADA-004,SCADA,logic_change,T182,override,critical,192.168.99.99
2025-08-01T08:07:38Z,SCADA-008,SCADA,sensor_reading,T107,override,critical,10.0.0.254
2025-08-01T08:07:48Z,SCADA-003,SCADA,valve_status,T132,override,critical,192.168.99.99
2025-08-01T08:07:58Z,SCADA-004,SCADA,sensor_reading,T183,override,critical,192.168.99.99
2025-08-01T08:08:04Z,SCADA-002,SCADA,sensor_reading,T128,override,critical,192.168.99.99
2025-08-01T08:08:11Z,SCADA-005,SCADA,valve_status,T147,override,critical,192.168.99.99
2025-08-01T08:08:21Z,SCADA-006,SCADA,valve_status,T181,override,critical,10.0.0.254
2025-08-01T08:08:28Z,SCADA-005,SCADA,valve_status,T117,override,critical,10.0.0.254
2025-08-01T08:08:38Z,SCADA-010,SCADA,sensor_reading,T132,override,critical,192.168.99.99
2025-08-01T08:08:48Z,SCADA-009,SCADA,logic_change,T153,override,critical,192.168.99.99
2025-08-01T08:08:58Z,SCADA-006,SCADA,valve_status,T122,override,critical,10.0.0.254
2025-08-01T08:09:03Z,SCADA-005,SCADA,valve_status,T191,override,critical,10.0.0.254
2025-08-01T08:09:10Z,SCADA-007,SCADA,sensor_reading,T161,override,critical,192.168.99.99
2025-08-01T08:09:17Z,SCADA-004,SCADA,valve_status,T141,override,critical,10.0.0.254
2025-08-01T08:09:26Z,SCADA-010,SCADA,sensor_reading,T111,override,critical,10.0.0.254
2025-08-01T08:09:34Z,SCADA-008,SCADA,logic_change,T139,override,critical,192.168.99.99
2025-08-01T08:09:39Z,SCADA-008,SCADA,valve_status,T157,override,critical,10.0.0.254
2025-08-01T08:09:46Z,SCADA-004,SCADA,sensor_reading,T107,override,critical,192.168.99.99
2025-08-01T08:09:51Z,SCADA-005,SCADA,valve_status,T117,override,critical,10.0.0.254
2025-08-01T08:10:01Z,SCADA-009,SCADA,logic_change,T140,override,critical,192.168.99.99
2025-08-01T08:10:08Z,SCADA-001,SCADA,sensor_reading,T131,override,critical,192.168.99.99
2025-08-01T08:10:17Z,SCADA-001,SCADA,valve_status,T149,override,critical,10.0.0.254
2025-08-01T08:10:27Z,SCADA-003,SCADA,sensor_reading,T107,override,critical,192.168.99.99
2025-08-01T08:10:35Z,SCADA-006,SCADA,logic_change,T159,override,critical,10.0.0.254
2025-08-01T08:10:41Z,SCADA-007,SCADA,logic_change,T191,override,critical,10.0.0.254
2025-08-01T08:10:51Z,SCADA-003,SCADA,logic_change,T106,override,critical,192.168.99.99
2025-08-01T08:10:59Z,SCADA-008,SCADA,valve_status,T127,override,critical,10.0.0.254
2025-08-01T08:11:04Z,SCADA-005,SCADA,logic_change,T191,override,critical,192.168.99.99
2025-08-01T08:11:10Z,SCADA-008,SCADA,valve_status,T138,override,critical,10.0.0.254
2025-08-01T08:11:20Z,SCADA-004,SCADA,sensor_reading,T181,override,critical,192.168.99.99
2025-08-01T08:11:25Z,SCADA-008,SCADA,sensor_reading,T159,override,critical,10.0.0.254
2025-08-01T08:11:35Z,SCADA-003,SCADA,valve_status,T157,override,critical,192.168.99.99
2025-08-01T08:11:41Z,SCADA-008,SCADA,valve_status,T133,override,critical,192.168.99.99
2025-08-01T08:11:51Z,SCADA-009,SCADA,sensor_reading,T184,override,critical,192.168.99.99
2025-08-01T08:11:56Z,SCADA-001,SCADA,logic_change,T159,override,critical,192.168.99.99
2025-08-01T08:12:04Z,SCADA-005,SCADA,sensor_reading,T101,override,critical,10.0.0.254
2025-08-01T08:12:11Z,SCADA-007,SCADA,logic_change,T102,override,critical,10.0.0.254
2025-08-01T08:12:20Z,SCADA-008,SCADA,logic_change,T189,override,critical,192.168.99.99
2025-08-01T08:12:26Z,SCADA-003,SCADA,valve_status,T175,override,critical,10.0.0.254
2025-08-01T08:12:34Z,SCADA-002,SCADA,logic_change,T198,override,critical,192.168.99.99
2025-08-01T08:12:42Z,SCADA-001,SCADA,logic_change,T190,override,critical,10.0.0.254
2025-08-01T08:12:51Z,SCADA-007,SCADA,logic_change,T149,override,critical,10.0.0.254
2025-08-01T08:12:57Z,SCADA-007,SCADA,logic_change,T117,override,critical,10.0.0.254
2025-08-01T08:13:07Z,SCADA-009,SCADA,logic_change,T155,override,critical,10.0.0.254
2025-08-01T08:13:15Z,SCADA-009,SCADA,logic_change,T185,override,critical,10.0.0.254
2025-08-01T08:13:22Z,SCADA-008,SCADA,sensor_reading,T113,override,critical,10.0.0.254
2025-08-01T08:13:30Z,SCADA-007,SCADA,sensor_reading,T118,override,critical,192.168.99.99
2025-08-01T08:13:39Z,SCADA-005,SCADA,sensor_reading,T103,override,critical,192.168.99.99
2025-08-01T08:13:44Z,SCADA-007,SCADA,logic_change,T138,override,critical,10.0.0.254
2025-08-01T08:13:54Z,SCADA-006,SCADA,logic_change,T180,override,critical,10.0.0.254
2025-08-01T08:14:03Z,SCADA-010,SCADA,valve_status,T163,override,critical,10.0.0.254
2025-08-01T08:14:09Z,SCADA-003,SCADA,valve_status,T178,override,critical,10.0.0.254
2025-08-01T08:14:14Z,SCADA-007,SCADA,sensor_reading,T144,override,critical,192.168.99.99
2025-08-01T08:14:23Z,SCADA-009,SCADA,valve_status,T111,override,critical,192.168.99.99
2025-08-01T08:14:30Z,SCADA-003,SCADA,sensor_reading,T183,override,critical,10.0.0.254
2025-08-01T08:14:36Z,SCADA-008,SCADA,valve_status,T171,override,critical,10.0.0.254
2025-08-01T08:14:46Z,SCADA-010,SCADA,sensor_reading,T114,override,critical,10.0.0.254
2025-08-01T08:14:55Z,SCADA-006,SCADA,valve_status,T157,override,critical,10.0.0.254
2025-08-01T08:15:04Z,SCADA-008,SCADA,valve_status,T189,override,critical,10.0.0.254
2025-08-01T08:15:14Z,SCADA-004,SCADA,logic_change,T100,override,critical,10.0.0.254
2025-08-01T08:15:20Z,SCADA-004,SCADA,sensor_reading,T134,override,critical,10.0.0.254
2025-08-01T08:15:30Z,SCADA-009,SCADA,sensor_reading,T130,override,critical,192.168.99.99
2025-08-01T08:15:39Z,SCADA-005,SCADA,valve_status,T174,override,critical,192.168.99.99
2025-08-01T08:15:49Z,SCADA-008,SCADA,sensor_reading,T100,override,critical,192.168.99.99
2025-08-01T08:15:55Z,SCADA-004,SCADA,valve_status,T153,override,critical,10.0.0.254
2025-08-01T08:16:02Z,SCADA-009,SCADA,sensor_reading,T144,override,critical,192.168.99.99
2025-08-01T08:16:12Z,SCADA-002,SCADA,logic_change,T161,override,critical,192.168.99.99
2025-08-01T08:16:18Z,SCADA-009,SCADA,logic_change,T175,override,critical,192.168.99.99
2025-08-01T08:16:28Z,SCADA-003,SCADA,sensor_reading,T169,override,critical,192.168.99.99
2025-08-01T08:16:35Z,SCADA-008,SCADA,valve_status,T108,override,critical,10.0.0.254
2025-08-01T08:16:41Z,SCADA-003,SCADA,sensor_reading,T116,override,critical,10.0.0.254
2025-08-01T08:16:51Z,SCADA-007,SCADA,valve_status,T134,override,critical,192.168.99.99
2025-08-01T08:16:58Z,SCADA-006,SCADA,valve_status,T102,override,critical,192.168.99.99
2025-08-01T08:17:06Z,SCADA-010,SCADA,sensor_reading,T112,override,critical,192.168.99.99
2025-08-01T08:17:12Z,SCADA-010,SCADA,valve_status,T192,override,critical,192.168.99.99
2025-08-01T08:17:18Z,SCADA-009,SCADA,valve_status,T196,override,critical,192.168.99.99
2025-08-01T08:17:28Z,SCADA-003,SCADA,logic_change,T195,override,critical,10.0.0.254
2025-08-01T08:17:38Z,SCADA-003,SCADA,sensor_reading,T138,override,critical,10.0.0.254
2025-08-01T08:17:44Z,SCADA-005,SCADA,sensor_reading,T189,override,critical,192.168.99.99
2025-08-01T08:17:53Z,SCADA-006,SCADA,logic_change,T161,override,critical,192.168.99.99
2025-08-01T08:17:58Z,SCADA-008,SCADA,logic_change,T160,override,critical,192.168.99.99
2025-08-01T08:18:08Z,SCADA-004,SCADA,sensor_reading,T134,override,critical,10.0.0.254
2025-08-01T08:18:13Z,SCADA-007,SCADA,valve_status,T164,override,critical,192.168.99.99
2025-08-01T08:18:22Z,SCADA-010,SCADA,logic_change,T119,override,critical,10.0.0.254
2025-08-01T08:18:27Z,SCADA-009,SCADA,sensor_reading,T152,override,critical,192.168.99.99
2025-08-01T08:18:34Z,SCADA-006,SCADA,valve_status,T124,override,critical,192.168.99.99
2025-08-01T08:18:41Z,SCADA-003,SCADA,sensor_reading,T150,override,critical,192.168.99.99
2025-08-01T08:18:48Z,SCADA-003,SCADA,sensor_reading,T118,override,critical,10.0.0.254
2025-08-01T08:18:58Z,SCADA-004,SCADA,valve_status,T114,override,critical,192.168.99.99
2025-08-01T08:19:07Z,SCADA-004,SCADA,sensor_reading,T116,override,critical,10.0.0.254
2025-08-01T08:19:12Z,SCADA-007,SCADA,valve_status,T123,override,critical,10.0.0.254
2025-08-01T08:19:19Z,SCADA-009,SCADA,valve_status,T130,override,critical,10.0.0.254
2025-08-01T08:19:26Z,SCADA-003,SCADA,logic_change,T131,override,critical,192.168.99.99
2025-08-01T08:19:32Z,SCADA-004,SCADA,sensor_reading,T156,override,critical,192.168.99.99
2025-08-01T08:19:41Z,SCADA-006,SCADA,logic_change,T111,override,critical,10.0.0.254
2025-08-01T08:19:48Z,SCADA-010,SCADA,logic_change,T116,override,critical,10.0.0.254
2025-08-01T08:19:56Z,SCADA-004,SCADA,valve_status,T182,override,critical,192.168.99.99
2025-08-01T08:20:03Z,SCADA-003,SCADA,sensor_reading,T175,override,critical,10.0.0.254
2025-08-01T08:20:08Z,SCADA-008,SCADA,valve_status,T140,override,critical,10.0.0.254
2025-08-01T08:20:14Z,SCADA-002,SCADA,valve_status,T152,override,critical,192.168.99.99
2025-08-01T08:20:23Z,SCADA-004,SCADA,logic_change,T181,override,critical,192.168.99.99
2025-08-01T08:20:31Z,SCADA-006,SCADA,logic_change,T144,override,critical,10.0.0.254
2025-08-01T08:20:38Z,SCADA-006,SCADA,sensor_reading,T135,override,critical,10.0.0.254
2025-08-01T08:20:45Z,SCADA-004,SCADA,sensor_reading,T101,override,critical,192.168.99.99
2025-08-01T08:20:51Z,SCADA-001,SCADA,logic_change,T182,override,critical,192.168.99.99
2025-08-01T08:21:00Z,SCADA-002,SCADA,logic_change,T148,override,critical,10.0.0.254
2025-08-01T08:21:07Z,SCADA-010,SCADA,valve_status,T127,override,critical,10.0.0.254
2025-08-01T08:21:12Z,SCADA-005,SCADA,sensor_reading,T177,override,critical,10.0.0.254
2025-08-01T08:21:18Z,SCADA-001,SCADA,sensor_reading,T107,override,critical,192.168.99.99
2025-08-01T08:21:26Z,SCADA-004,SCADA,valve_status,T109,override,critical,192.168.99.99
2025-08-01T08:21:36Z,SCADA-005,SCADA,logic_change,T106,override,critical,192.168.99.99
2025-08-01T08:21:44Z,SCADA-009,SCADA,valve_status,T142,override,critical,192.168.99.99
2025-08-01T08:21:53Z,SCADA-007,SCADA,sensor_reading,T126,override,critical,192.168.99.99
2025-08-01T08:22:03Z,SCADA-009,SCADA,sensor_reading,T113,override,critical,10.0.0.254
2025-08-01T08:22:09Z,SCADA-003,SCADA,valve_status,T142,override,critical,192.168.99.99
2025-08-01T08:22:16Z,SCADA-008,SCADA,valve_status,T170,override,critical,192.168.99.99
2025-08-01T08:22:25Z,SCADA-002,SCADA,valve_status,T114,override,critical,10.0.0.254
2025-08-01T08:22:33Z,SCADA-009,SCADA,logic_change,T172,override,critical,10.0.0.254
2025-08-01T08:22:39Z,SCADA-009,SCADA,sensor_reading,T170,override,critical,10.0.0.254
2025-08-01T08:22:47Z,SCADA-007,SCADA,logic_change,T182,override,critical,10.0.0.254
2025-08-01T08:22:52Z,SCADA-001,SCADA,valve_status,T111,override,critical,192.168.99.99
2025-08-01T08:22:57Z,SCADA-007,SCADA,sensor_reading,T118,override,critical,10.0.0.254
2025-08-01T08:23:04Z,SCADA-002,SCADA,sensor_reading,T170,override,critical,10.0.0.254
2025-08-01T08:23:10Z,SCADA-010,SCADA,sensor_reading,T144,override,critical,192.168.99.99
2025-08-01T08:23:20Z,SCADA-001,SCADA,logic_change,T147,override,critical,192.168.99.99
2025-08-01T08:23:26Z,SCADA-003,SCADA,logic_change,T107,override,critical,192.168.99.99
2025-08-01T08:23:33Z,SCADA-004,SCADA,valve_status,T196,override,critical,10.0.0.254
2025-08-01T08:23:40Z,SCADA-009,SCADA,logic_change,T154,override,critical,10.0.0.254
2025-08-01T08:23:50Z,SCADA-008,SCADA,sensor_reading,T198,override,critical,192.168.99.99
2025-08-01T08:24:00Z,SCADA-009,SCADA,logic_change,T102,override,critical,10.0.0.254
2025-08-01T08:24:08Z,SCADA-005,SCADA,logic_change,T146,override,critical,10.0.0.254
2025-08-01T08:24:18Z,SCADA-006,SCADA,valve_status,T149,override,critical,10.0.0.254
2025-08-01T08:24:23Z,SCADA-001,SCADA,logic_change,T189,override,critical,10.0.0.254
2025-08-01T08:24:32Z,SCADA-001,SCADA,logic_change,T172,override,critical,192.168.99.99
2025-08-01T08:24:38Z,SCADA-006,SCADA,valve_status,T192,override,critical,192.168.99.99
2025-08-01T08:24:48Z,SCADA-004,SCADA,logic_change,T187,override,critical,192.168.99.99
2025-08-01T08:24:55Z,SCADA-003,SCADA,sensor_reading,T195,override,critical,192.168.99.99
2025-08-01T08:25:03Z,SCADA-010,SCADA,valve_status,T136,override,critical,192.168.99.99
2025-08-01T08:25:12Z,SCADA-001,SCADA,logic_change,T186,override,critical,192.168.99.99
2025-08-01T08:25:20Z,SCADA-006,SCADA,logic_change,T142,override,critical,192.168.99.99
2025-08-01T08:25:25Z,SCADA-005,SCADA,logic_change,T103,override,critical,192.168.99.99
2025-08-01T08:25:32Z,SCADA-005,SCADA,logic_change,T138,override,critical,192.168.99.99
2025-08-01T08:25:37Z,SCADA-009,SCADA,sensor_reading,T167,override,critical,10.0.0.254
2025-08-01T08:25:43Z,SCADA-008,SCADA,valve_status,T119,override,critical,192.168.99.99
2025-08-01T08:25:51Z,SCADA-008,SCADA,sensor_reading,T139,override,critical,192.168.99.99
2025-08-01T08:25:56Z,SCADA-007,SCADA,logic_change,T141,override,critical,192.168.99.99
2025-08-01T08:26:01Z,SCADA-005,SCADA,logic_change,T156,override,critical,192.168.99.99
2025-08-01T08:26:09Z,SCADA-001,SCADA,sensor_reading,T128,override,critical,10.0.0.254
2025-08-01T08:26:18Z,SCADA-002,SCADA,logic_change,T199,override,critical,192.168.99.99
2025-08-01T08:26:25Z,SCADA-001,SCADA,logic_change,T185,override,critical,192.168.99.99
2025-08-01T08:26:32Z,SCADA-004,SCADA,logic_change,T171,override,critical,10.0.0.254
2025-08-01T08:26:38Z,SCADA-006,SCADA,valve_status,T146,override,critical,10.0.0.254
2025-08-01T08:26:45Z,SCADA-003,SCADA,sensor_reading,T118,override,critical,10.0.0.254
2025-08-01T08:26:51Z,SCADA-005,SCADA,valve_status,T195,override,critical,10.0.0.254
2025-08-01T08:27:01Z,SCADA-001,SCADA,valve_status,T123,override,critical,10.0.0.254
2025-08-01T08:27:07Z,SCADA-001,SCADA,sensor_reading,T126,override,critical,192.168.99.99
2025-08-01T08:27:16Z,SCADA-001,SCADA,valve_status,T127,override,critical,10.0.0.254
2025-08-01T08:27:22Z,SCADA-004,SCADA,logic_change,T183,override,critical,10.0.0.254
2025-08-01T08:27:32Z,SCADA-003,SCADA,logic_change,T169,override,critical,192.168.99.99
2025-08-01T08:27:39Z,SCADA-010,SCADA,sensor_reading,T153,override,critical,10.0.0.254
2025-08-01T08:27:47Z,SCADA-010,SCADA,logic_change,T182,override,critical,192.168.99.99
2025-08-01T08:27:53Z,SCADA-003,SCADA,sensor_reading,T182,override,critical,192.168.99.99
2025-08-01T08:27:58Z,SCADA-005,SCADA,logic_change,T173,override,critical,192.168.99.99
2025-08-01T08:28:07Z,SCADA-007,SCADA,logic_change,T194,override,critical,10.0.0.254
2025-08-01T08:28:17Z,SCADA-003,SCADA,sensor_reading,T180,override,critical,10.0.0.254
2025-08-01T08:28:24Z,SCADA-005,SCADA,logic_change,T177,override,critical,10.0.0.254
2025-08-01T08:28:33Z,SCADA-008,SCADA,logic_change,T198,override,critical,10.0.0.254
2025-08-01T08:28:39Z,SCADA-006,SCADA,logic_change,T185,override,critical,192.168.99.99
2025-08-01T08:28:45Z,SCADA-001,SCADA,valve_status,T141,override,critical,10.0.0.254
2025-08-01T08:28:53Z,SCADA-007,SCADA,valve_status,T149,override,critical,192.168.99.99
2025-08-01T08:29:00Z,SCADA-002,SCADA,valve_status,T189,override,critical,192.168.99.99
2025-08-01T08:29:06Z,SCADA-002,SCADA,sensor_reading,T193,override,critical,10.0.0.254
2025-08-01T08:29:13Z,SCADA-002,SCADA,sensor_reading,T198,override,critical,10.0.0.254
2025-08-01T08:29:21Z,SCADA-001,SCADA,valve_status,T184,override,critical,10.0.0.254
2025-08-01T08:29:28Z,SCADA-004,SCADA,valve_status,T141,override,critical,10.0.0.254
2025-08-01T08:29:33Z,SCADA-009,SCADA,valve_status,T107,override,critical,192.168.99.99
2025-08-01T08:29:43Z,SCADA-007,SCADA,valve_status,T154,override,critical,10.0.0.254
2025-08-01T08:29:52Z,SCADA-009,SCADA,valve_status,T132,override,critical,10.0.0.254
2025-08-01T08:29:59Z,SCADA-002,SCADA,logic_change,T164,override,critical,192.168.99.99
2025-08-01T08:30:05Z,SCADA-009,SCADA,logic_change,T152,override,critical,10.0.0.254
2025-08-01T08:30:13Z,SCADA-008,SCADA,sensor_reading,T106,override,critical,10.0.0.254
2025-08-01T08:30:23Z,SCADA-007,SCADA,logic_change,T136,override,critical,10.0.0.254
2025-08-01T08:30:31Z,SCADA-010,SCADA,sensor_reading,T141,override,critical,10.0.0.254
2025-08-01T08:30:40Z,SCADA-010,SCADA,logic_change,T183,override,critical,192.168.99.99
2025-08-01T08:30:49Z,SCADA-002,SCADA,valve_status,T140,override,critical,10.0.0.254
2025-08-01T08:30:55Z,SCADA-003,SCADA,logic_change,T114,override,critical,192.168.99.99
2025-08-01T08:31:02Z,SCADA-007,SCADA,valve_status,T121,override,critical,10.0.0.254
2025-08-01T08:31:10Z,SCADA-003,SCADA,valve_status,T163,override,critical,192.168.99.99
2025-08-01T08:31:19Z,SCADA-006,SCADA,sensor_reading,T131,override,critical,10.0.0.254
2025-08-01T08:31:25Z,SCADA-010,SCADA,logic_change,T117,override,critical,10.0.0.254
2025-08-01T08:31:31Z,SCADA-008,SCADA,valve_status,T103,override,critical,192.168.99.99
2025-08-01T08:31:39Z,SCADA-008,SCADA,valve_status,T136,override,critical,10.0.0.254
2025-08-01T08:31:45Z,SCADA-003,SCADA,sensor_reading,T180,override,critical,192.168.99.99
2025-08-01T08:31:54Z,SCADA-009,SCADA,sensor_reading,T154,override,critical,192.168.99.99
2025-08-01T08:32:01Z,SCADA-003,SCADA,sensor_reading,T117,override,critical,10.0.0.254
2025-08-01T08:32:08Z,SCADA-004,SCADA,sensor_reading,T157,override,critical,10.0.0.254
2025-08-01T08:32:14Z,SCADA-007,SCADA,valve_status,T167,override,critical,10.0.0.254
2025-08-01T08:32:24Z,SCADA-009,SCADA,sensor_reading,T145,override,critical,192.168.99.99
2025-08-01T08:32:33Z,SCADA-008,SCADA,sensor_reading,T155,override,critical,192.168.99.99
2025-08-01T08:32:43Z,SCADA-005,SCADA,sensor_reading,T125,override,critical,192.168.99.99
2025-08-01T08:32:51Z,SCADA-003,SCADA,valve_status,T113,override,critical,10.0.0.254
2025-08-01T08:33:01Z,SCADA-002,SCADA,valve_status,T187,override,critical,192.168.99.99
2025-08-01T08:33:06Z,SCADA-008,SCADA,valve_status,T148,override,critical,10.0.0.254
2025-08-01T08:33:15Z,SCADA-009,SCADA,valve_status,T188,override,critical,10.0.0.254
2025-08-01T08:33:20Z,SCADA-009,SCADA,valve_status,T173,override,critical,10.0.0.254
2025-08-01T08:33:25Z,SCADA-010,SCADA,valve_status,T112,override,critical,192.168.99.99
2025-08-01T08:33:30Z,SCADA-007,SCADA,logic_change,T143,override,critical,10.0.0.254
2025-08-01T08:33:37Z,SCADA-009,SCADA,logic_change,T143,override,critical,192.168.99.99
2025-08-01T08:33:47Z,SCADA-008,SCADA,logic_change,T165,override,critical,10.0.0.254
2025-08-01T08:33:56Z,SCADA-007,SCADA,logic_change,T120,override,critical,192.168.99.99
2025-08-01T08:34:05Z,SCADA-005,SCADA,valve_status,T157,override,critical,10.0.0.254
2025-08-01T08:34:15Z,SCADA-001,SCADA,sensor_reading,T168,override,critical,10.0.0.254
2025-08-01T08:34:20Z,SCADA-010,SCADA,logic_change,T155,override,critical,10.0.0.254
2025-08-01T08:34:29Z,SCADA-008,SCADA,logic_change,T153,override,critical,192.168.99.99
2025-08-01T08:34:39Z,SCADA-001,SCADA,valve_status,T121,override,critical,192.168.99.99
2025-08-01T08:34:48Z,SCADA-008,SCADA,valve_status,T175,override,critical,192.168.99.99
2025-08-01T08:34:56Z,SCADA-009,SCADA,valve_status,T110,override,critical,10.0.0.254
2025-08-01T08:35:03Z,SCADA-009,SCADA,logic_change,T152,override,critical,10.0.0.254
2025-08-01T08:35:11Z,SCADA-001,SCADA,logic_change,T196,override,critical,192.168.99.99
2025-08-01T08:35:21Z,SCADA-008,SCADA,sensor_reading,T118,override,critical,10.0.0.254
2025-08-01T08:35:31Z,SCADA-005,SCADA,sensor_reading,T196,override,critical,10.0.0.254
2025-08-01T08:35:36Z,SCADA-006,SCADA,logic_change,T120,override,critical,10.0.0.254
2025-08-01T08:35:44Z,SCADA-003,SCADA,logic_change,T140,override,critical,10.0.0.254
2025-08-01T08:35:54Z,SCADA-002,SCADA,valve_status,T101,override,critical,10.0.0.254
2025-08-01T08:36:03Z,SCADA-005,SCADA,logic_change,T163,override,critical,10.0.0.254
2025-08-01T08:36:09Z,SCADA-006,SCADA,sensor_reading,T110,override,critical,10.0.0.254
2025-08-01T08:36:19Z,SCADA-006,SCADA,valve_status,T129,override,critical,10.0.0.254
2025-08-01T08:36:26Z,SCADA-010,SCADA,logic_change,T171,override,critical,192.168.99.99
2025-08-01T08:36:33Z,SCADA-007,SCADA,sensor_reading,T172,override,critical,192.168.99.99
2025-08-01T08:36:41Z,SCADA-008,SCADA,sensor_reading,T152,override,critical,192.168.99.99
2025-08-01T08:36:48Z,SCADA-006,SCADA,valve_status,T172,override,critical,10.0.0.254
2025-08-01T08:36:58Z,SCADA-003,SCADA,logic_change,T198,override,critical,10.0.0.254
2025-08-01T08:37:08Z,SCADA-005,SCADA,sensor_reading,T182,override,critical,10.0.0.254
2025-08-01T08:37:18Z,SCADA-007,SCADA,logic_change,T142,override,critical,192.168.99.99
2025-08-01T08:37:26Z,SCADA-005,SCADA,valve_status,T158,override,critical,10.0.0.254
2025-08-01T08:37:35Z,SCADA-001,SCADA,valve_status,T179,override,critical,192.168.99.99
2025-08-01T08:37:40Z,SCADA-007,SCADA,valve_status,T170,override,critical,10.0.0.254
2025-08-01T08:37:45Z,SCADA-010,SCADA,logic_change,T124,override,critical,192.168.99.99
2025-08-01T08:37:53Z,SCADA-007,SCADA,logic_change,T147,override,critical,192.168.99.99
2025-08-01T08:37:58Z,SCADA-006,SCADA,valve_status,T158,override,critical,192.168.99.99
2025-08-01T08:38:06Z,SCADA-001,SCADA,valve_status,T194,override,critical,10.0.0.254
2025-08-01T08:38:14Z,SCADA-002,SCADA,valve_status,T144,override,critical,192.168.99.99
2025-08-01T08:38:20Z,SCADA-002,SCADA,logic_change,T152,override,critical,192.168.99.99
2025-08-01T08:38:28Z,SCADA-006,SCADA,logic_change,T153,override,critical,192.168.99.99
2025-08-01T08:38:36Z,SCADA-009,SCADA,logic_change,T194,override,critical,10.0.0.254
2025-08-01T08:38:43Z,SCADA-005,SCADA,sensor_reading,T126,override,critical,192.168.99.99
2025-08-01T08:38:49Z,SCADA-004,SCADA,sensor_reading,T138,override,critical,10.0.0.254
2025-08-01T08:38:55Z,SCADA-008,SCADA,valve_status,T104,override,critical,192.168.99.99
2025-08-01T08:39:02Z,SCADA-010,SCADA,sensor_reading,T128,override,critical,192.168.99.99
2025-08-01T08:39:10Z,SCADA-002,SCADA,sensor_reading,T121,override,critical,10.0.0.254
2025-08-01T08:39:20Z,SCADA-008,SCADA,logic_change,T100,override,critical,10.0.0.254
2025-08-01T08:39:25Z,SCADA-003,SCADA,sensor_reading,T141,override,critical,192.168.99.99
2025-08-01T08:39:34Z,SCADA-005,SCADA,valve_status,T181,override,critical,10.0.0.254
2025-08-01T08:39:40Z,SCADA-003,SCADA,logic_change,T139,override,critical,192.168.99.99
2025-08-01T08:39:45Z,SCADA-002,SCADA,sensor_reading,T161,override,critical,192.168.99.99
2025-08-01T08:39:55Z,SCADA-005,SCADA,logic_change,T117,override,critical,10.0.0.254
2025-08-01T08:40:04Z,SCADA-009,SCADA,sensor_reading,T104,override,critical,192.168.99.99
2025-08-01T08:40:09Z,SCADA-007,SCADA,sensor_reading,T100,override,critical,192.168.99.99
2025-08-01T08:40:15Z,SCADA-006,SCADA,sensor_reading,T101,override,critical,10.0.0.254
2025-08-01T08:40:21Z,SCADA-010,SCADA,sensor_reading,T179,override,critical,192.168.99.99
2025-08-01T08:40:26Z,SCADA-010,SCADA,sensor_reading,T160,override,critical,192.168.99.99
2025-08-01T08:40:32Z,SCADA-008,SCADA,logic_change,T142,override,critical,192.168.99.99
2025-08-01T08:40:40Z,SCADA-008,SCADA,logic_change,T136,override,critical,192.168.99.99
2025-08-01T08:40:48Z,SCADA-006,SCADA,valve_status,T167,override,critical,10.0.0.254
2025-08-01T08:40:56Z,SCADA-006,SCADA,sensor_reading,T175,override,critical,10.0.0.254
2025-08-01T08:41:01Z,SCADA-003,SCADA,valve_status,T124,override,critical,10.0.0.254
2025-08-01T08:41:06Z,SCADA-010,SCADA,logic_change,T115,override,critical,192.168.99.99
2025-08-01T08:41:12Z,SCADA-005,SCADA,logic_change,T100,override,critical,10.0.0.254
2025-08-01T08:41:21Z,SCADA-008,SCADA,sensor_reading,T168,override,critical,192.168.99.99
2025-08-01T08:41:27Z,SCADA-003,SCADA,valve_status,T157,override,critical,192.168.99.99
2025-08-01T08:41:35Z,SCADA-009,SCADA,logic_change,T106,override,critical,10.0.0.254
2025-08-01T08:41:41Z,SCADA-009,SCADA,sensor_reading,T125,override,critical,10.0.0.254
2025-08-01T08:41:48Z,SCADA-008,SCADA,sensor_reading,T124,override,critical,192.168.99.99
2025-08-01T08:41:56Z,SCADA-003,SCADA,valve_status,T191,override,critical,192.168.99.99
2025-08-01T08:42:02Z,SCADA-004,SCADA,sensor_reading,T178,override,critical,192.168.99.99
2025-08-01T08:42:11Z,SCADA-003,SCADA,valve_status,T113,override,critical,192.168.99.99
2025-08-01T08:42:17Z,SCADA-004,SCADA,logic_change,T131,override,critical,10.0.0.254
2025-08-01T08:42:25Z,SCADA-003,SCADA,valve_status,T119,override,critical,10.0.0.254
2025-08-01T08:42:35Z,SCADA-009,SCADA,logic_change,T148,override,critical,192.168.99.99
2025-08-01T08:42:44Z,SCADA-005,SCADA,valve_status,T172,override,critical,10.0.0.254
2025-08-01T08:42:49Z,SCADA-004,SCADA,logic_change,T120,override,critical,192.168.99.99
2025-08-01T08:42:54Z,SCADA-008,SCADA,sensor_reading,T105,override,critical,10.0.0.254
2025-08-01T08:43:04Z,SCADA-002,SCADA,logic_change,T162,override,critical,10.0.0.254
2025-08-01T08:43:09Z,SCADA-002,SCADA,valve_status,T143,override,critical,10.0.0.254
2025-08-01T08:43:18Z,SCADA-010,SCADA,valve_status,T112,override,critical,10.0.0.254
2025-08-01T08:43:24Z,SCADA-010,SCADA,valve_status,T143,override,critical,10.0.0.254
2025-08-01T08:43:33Z,SCADA-010,SCADA,valve_status,T125,override,critical,10.0.0.254
2025-08-01T08:43:42Z,SCADA-007,SCADA,valve_status,T141,override,critical,10.0.0.254
2025-08-01T08:43:50Z,SCADA-008,SCADA,valve_status,T184,override,critical,10.0.0.254
2025-08-01T08:43:57Z,SCADA-001,SCADA,valve_status,T129,override,critical,192.168.99.99
2025-08-01T08:44:07Z,SCADA-005,SCADA,sensor_reading,T193,override,critical,192.168.99.99
2025-08-01T08:44:13Z,SCADA-004,SCADA,logic_change,T194,override,critical,10.0.0.254
2025-08-01T08:44:22Z,SCADA-005,SCADA,sensor_reading,T163,override,critical,10.0.0.254
2025-08-01T08:44:28Z,SCADA-006,SCADA,sensor_reading,T147,override,critical,10.0.0.254
2025-08-01T08:44:36Z,SCADA-010,SCADA,valve_status,T111,override,critical,192.168.99.99
2025-08-01T08:44:45Z,SCADA-005,SCADA,sensor_reading,T190,override,critical,10.0.0.254
2025-08-01T08:44:52Z,SCADA-009,SCADA,valve_status,T179,override,critical,10.0.0.254
2025-08-01T08:45:00Z,SCADA-003,SCADA,sensor_reading,T122,override,critical,192.168.99.99
2025-08-01T08:45:07Z,SCADA-005,SCADA,logic_change,T174,override,critical,10.0.0.254
2025-08-01T08:45:15Z,SCADA-005,SCADA,valve_status,T101,override,critical,10.0.0.254
2025-08-01T08:45:24Z,SCADA-006,SCADA,sensor_reading,T169,override,critical,192.168.99.99
2025-08-01T08:45:34Z,SCADA-010,SCADA,logic_change,T140,override,critical,10.0.0.254
2025-08-01T08:45:43Z,SCADA-006,SCADA,valve_status,T182,override,critical,192.168.99.99
2025-08-01T08:45:49Z,SCADA-003,SCADA,sensor_reading,T155,override,critical,192.168.99.99
2025-08-01T08:45:59Z,SCADA-003,SCADA,valve_status,T196,override,critical,192.168.99.99
2025-08-01T08:46:08Z,SCADA-010,SCADA,valve_status,T108,override,critical,192.168.99.99
2025-08-01T08:46:15Z,SCADA-006,SCADA,valve_status,T157,override,critical,192.168.99.99
2025-08-01T08:46:23Z,SCADA-009,SCADA,valve_status,T195,override,critical,10.0.0.254
2025-08-01T08:46:32Z,SCADA-003,SCADA,logic_change,T174,override,critical,10.0.0.254
2025-08-01T08:46:37Z,SCADA-005,SCADA,sensor_reading,T103,override,critical,10.0.0.254
2025-08-01T08:46:43Z,SCADA-007,SCADA,valve_status,T163,override,critical,192.168.99.99
2025-08-01T08:46:49Z,SCADA-003,SCADA,logic_change,T123,override,critical,10.0.0.254
2025-08-01T08:46:57Z,SCADA-009,SCADA,logic_change,T167,override,critical,192.168.99.99
2025-08-01T08:47:05Z,SCADA-006,SCADA,sensor_reading,T169,override,critical,192.168.99.99
2025-08-01T08:47:12Z,SCADA-003,SCADA,sensor_reading,T177,override,critical,192.168.99.99
2025-08-01T08:47:17Z,SCADA-010,SCADA,logic_change,T190,override,critical,10.0.0.254
2025-08-01T08:47:27Z,SCADA-002,SCADA,logic_change,T126,override,critical,10.0.0.254
2025-08-01T08:47:36Z,SCADA-002,SCADA,valve_status,T145,override,critical,192.168.99.99
2025-08-01T08:47:46Z,SCADA-005,SCADA,valve_status,T127,override,critical,192.168.99.99
2025-08-01T08:47:51Z,SCADA-009,SCADA,valve_status,T157,override,critical,192.168.99.99
2025-08-01T08:47:56Z,SCADA-006,SCADA,sensor_reading,T198,override,critical,10.0.0.254
2025-08-01T08:48:04Z,SCADA-010,SCADA,valve_status,T104,override,critical,10.0.0.254
2025-08-01T08:48:12Z,SCADA-002,SCADA,logic_change,T141,override,critical,10.0.0.254
2025-08-01T08:48:22Z,SCADA-002,SCADA,logic_change,T100,override,critical,10.0.0.254
2025-08-01T08:48:31Z,SCADA-003,SCADA,valve_status,T173,override,critical,192.168.99.99
2025-08-01T08:48:38Z,SCADA-003,SCADA,sensor_reading,T190,override,critical,10.0.0.254
2025-08-01T08:48:47Z,SCADA-006,SCADA,valve_status,T166,override,critical,10.0.0.254
2025-08-01T08:48:55Z,SCADA-009,SCADA,logic_change,T158,override,critical,10.0.0.254
2025-08-01T08:49:02Z,SCADA-008,SCADA,valve_status,T169,override,critical,10.0.0.254
2025-08-01T08:49:08Z,SCADA-002,SCADA,valve_status,T161,override,critical,10.0.0.254
2025-08-01T08:49:17Z,SCADA-001,SCADA,sensor_reading,T147,override,critical,192.168.99.99
2025-08-01T08:49:27Z,SCADA-010,SCADA,valve_status,T132,override,critical,10.0.0.254
2025-08-01T08:49:37Z,SCADA-002,SCADA,logic_change,T158,override,critical,192.168.99.99
2025-08-01T08:49:46Z,SCADA-003,SCADA,valve_status,T185,override,critical,10.0.0.254
2025-08-01T08:49:53Z,SCADA-009,SCADA,logic_change,T176,override,critical,10.0.0.254
2025-08-01T08:49:58Z,SCADA-009,SCADA,logic_change,T171,override,critical,10.0.0.254
2025-08-01T08:50:03Z,SCADA-010,SCADA,logic_change,T110,override,critical,192.168.99.99
2025-08-01T08:50:12Z,SCADA-002,SCADA,valve_status,T109,override,critical,10.0.0.254
2025-08-01T08:50:18Z,SCADA-009,SCADA,valve_status,T119,override,critical,10.0.0.254
2025-08-01T08:50:27Z,SCADA-006,SCADA,valve_status,T157,override,critical,192.168.99.99
2025-08-01T08:50:32Z,SCADA-009,SCADA,sensor_reading,T112,override,critical,192.168.99.99
2025-08-01T08:50:41Z,SCADA-003,SCADA,sensor_reading,T102,override,critical,192.168.99.99
2025-08-01T08:50:47Z,SCADA-007,SCADA,valve_status,T160,override,critical,192.168.99.99
2025-08-01T08:50:57Z,SCADA-009,SCADA,valve_status,T117,override,critical,10.0.0.254
2025-08-01T08:51:04Z,SCADA-007,SCADA,valve_status,T147,override,critical,192.168.99.99
2025-08-01T08:51:13Z,SCADA-010,SCADA,sensor_reading,T181,override,critical,192.168.99.99
2025-08-01T08:51:23Z,SCADA-007,SCADA,sensor_reading,T155,override,critical,10.0.0.254
2025-08-01T08:51:30Z,SCADA-004,SCADA,logic_change,T168,override,critical,192.168.99.99
2025-08-01T08:51:39Z,SCADA-003,SCADA,valve_status,T137,override,critical,10.0.0.254
2025-08-01T08:51:47Z,SCADA-009,SCADA,valve_status,T116,override,critical,10.0.0.254
2025-08-01T08:51:57Z,SCADA-003,SCADA,sensor_reading,T164,override,critical,192.168.99.99
2025-08-01T08:52:07Z,SCADA-005,SCADA,valve_status,T169,override,critical,192.168.99.99
2025-08-01T08:52:16Z,SCADA-001,SCADA,logic_change,T131,override,critical,192.168.99.99
2025-08-01T08:52:24Z,SCADA-008,SCADA,logic_change,T190,override,critical,10.0.0.254
2025-08-01T08:52:32Z,SCADA-001,SCADA,logic_change,T103,override,critical,10.0.0.254
2025-08-01T08:52:39Z,SCADA-007,SCADA,logic_change,T102,override,critical,10.0.0.254
2025-08-01T08:52:47Z,SCADA-009,SCADA,valve_status,T151,override,critical,10.0.0.254
2025-08-01T08:52:55Z,SCADA-001,SCADA,sensor_reading,T176,override,critical,192.168.99.99
2025-08-01T08:53:03Z,SCADA-006,SCADA,sensor_reading,T144,override,critical,10.0.0.254
2025-08-01T08:53:08Z,SCADA-008,SCADA,logic_change,T142,override,critical,10.0.0.254
2025-08-01T08:53:16Z,SCADA-010,SCADA,valve_status,T153,override,critical,192.168.99.99
2025-08-01T08:53:26Z,SCADA-007,SCADA,sensor_reading,T191,override,critical,10.0.0.254
2025-08-01T08:53:31Z,SCADA-007,SCADA,valve_status,T197,override,critical,192.168.99.99
2025-08-01T08:53:37Z,SCADA-007,SCADA,logic_change,T121,override,critical,192.168.99.99
2025-08-01T08:53:42Z,SCADA-009,SCADA,sensor_reading,T158,override,critical,192.168.99.99
2025-08-01T08:53:48Z,SCADA-008,SCADA,logic_change,T166,override,critical,192.168.99.99
2025-08-01T08:53:54Z,SCADA-003,SCADA,valve_status,T153,override,critical,10.0.0.254
2025-08-01T08:53:59Z,SCADA-007,SCADA,logic_change,T149,override,critical,192.168.99.99
2025-08-01T08:54:09Z,SCADA-008,SCADA,logic_change,T153,override,critical,192.168.99.99
2025-08-01T08:54:19Z,SCADA-002,SCADA,valve_status,T134,override,critical,192.168.99.99
2025-08-01T08:54:29Z,SCADA-004,SCADA,sensor_reading,T122,override,critical,192.168.99.99
2025-08-01T08:54:39Z,SCADA-001,SCADA,valve_status,T198,override,critical,10.0.0.254
2025-08-01T08:54:49Z,SCADA-002,SCADA,sensor_reading,T193,override,critical,10.0.0.254
2025-08-01T08:54:59Z,SCADA-003,SCADA,valve_status,T164,override,critical,10.0.0.254
2025-08-01T08:55:09Z,SCADA-001,SCADA,logic_change,T153,override,critical,10.0.0.254
2025-08-01T08:55:17Z,SCADA-001,SCADA,logic_change,T176,override,critical,192.168.99.99
2025-08-01T08:55:23Z,SCADA-007,SCADA,valve_status,T120,override,critical,192.168.99.99
2025-08-01T08:55:28Z,SCADA-005,SCADA,logic_change,T197,override,critical,10.0.0.254
2025-08-01T08:55:35Z,SCADA-008,SCADA,logic_change,T129,override,critical,192.168.99.99
2025-08-01T08:55:45Z,SCADA-001,SCADA,logic_change,T136,override,critical,10.0.0.254
2025-08-01T08:55:52Z,SCADA-010,SCADA,valve_status,T166,override,critical,10.0.0.254
2025-08-01T08:56:00Z,SCADA-003,SCADA,logic_change,T124,override,critical,192.168.99.99
2025-08-01T08:56:10Z,SCADA-007,SCADA,valve_status,T116,override,critical,10.0.0.254
2025-08-01T08:56:18Z,SCADA-006,SCADA,valve_status,T109,override,critical,10.0.0.254
2025-08-01T08:56:28Z,SCADA-008,SCADA,logic_change,T148,override,critical,10.0.0.254
2025-08-01T08:56:37Z,SCADA-003,SCADA,sensor_reading,T113,override,critical,10.0.0.254
2025-08-01T08:56:47Z,SCADA-003,SCADA,logic_change,T130,override,critical,192.168.99.99
2025-08-01T08:56:55Z,SCADA-003,SCADA,logic_change,T191,override,critical,10.0.0.254
2025-08-01T08:57:02Z,SCADA-006,SCADA,sensor_reading,T105,override,critical,192.168.99.99
2025-08-01T08:57:10Z,SCADA-003,SCADA,logic_change,T181,override,critical,10.0.0.254
2025-08-01T08:57:16Z,SCADA-010,SCADA,sensor_reading,T101,override,critical,10.0.0.254
2025-08-01T08:57:26Z,SCADA-009,SCADA,valve_status,T127,override,critical,10.0.0.254
2025-08-01T08:57:35Z,SCADA-002,SCADA,logic_change,T194,override,critical,192.168.99.99
2025-08-01T08:57:43Z,SCADA-003,SCADA,logic_change,T135,override,critical,10.0.0.254
2025-08-01T08:57:49Z,SCADA-010,SCADA,sensor_reading,T124,override,critical,10.0.0.254
2025-08-01T08:57:58Z,SCADA-002,SCADA,logic_change,T167,override,critical,192.168.99.99
2025-08-01T08:58:03Z,SCADA-010,SCADA,logic_change,T163,override,critical,10.0.0.254
2025-08-01T08:58:10Z,SCADA-008,SCADA,logic_change,T184,override,critical,10.0.0.254
2025-08-01T08:58:17Z,SCADA-005,SCADA,sensor_reading,T143,override,critical,192.168.99.99
2025-08-01T08:58:24Z,SCADA-008,SCADA,valve_status,T198,override,critical,10.0.0.254
2025-08-01T08:58:31Z,SCADA-002,SCADA,logic_change,T173,override,critical,192.168.99.99
2025-08-01T08:58:38Z,SCADA-004,SCADA,valve_status,T158,override,critical,10.0.0.254
2025-08-01T08:58:46Z,SCADA-003,SCADA,logic_change,T159,override,critical,10.0.0.254
2025-08-01T08:58:52Z,SCADA-008,SCADA,valve_status,T161,override,critical,10.0.0.254
2025-08-01T08:59:02Z,SCADA-005,SCADA,valve_status,T182,override,critical,192.168.99.99
2025-08-01T08:59:12Z,SCADA-002,SCADA,logic_change,T126,override,critical,10.0.0.254
2025-08-01T08:59:18Z,SCADA-010,SCADA,sensor_reading,T121,override,critical,10.0.0.254
2025-08-01T08:59:27Z,SCADA-003,SCADA,sensor_reading,T100,override,critical,192.168.99.99
2025-08-01T08:59:34Z,SCADA-010,SCADA,valve_status,T151,override,critical,10.0.0.254
2025-08-01T08:59:43Z,SCADA-007,SCADA,sensor_reading,T132,override,critical,192.168.99.99
2025-08-01T08:59:49Z,SCADA-001,SCADA,valve_status,T109,override,critical,192.168.99.99
2025-08-01T08:59:54Z,SCADA-001,SCADA,valve_status,T126,override,critical,192.168.99.99
2025-08-01T09:00:01Z,SCADA-001,SCADA,sensor_reading,T130,override,critical,10.0.0.254
2025-08-01T09:00:07Z,SCADA-006,SCADA,logic_change,T194,override,critical,192.168.99.99
2025-08-01T09:00:13Z,SCADA-010,SCADA,sensor_reading,T114,override,critical,192.168.99.99
2025-08-01T09:00:19Z,SCADA-002,SCADA,valve_status,T107,override,critical,10.0.0.254
2025-08-01T09:00:26Z,SCADA-006,SCADA,sensor_reading,T194,override,critical,10.0.0.254
2025-08-01T09:00:34Z,SCADA-010,SCADA,logic_change,T174,override,critical,10.0.0.254
2025-08-01T09:00:39Z,SCADA-002,SCADA,logic_change,T193,override,critical,192.168.99.99
2025-08-01T09:00:45Z,SCADA-001,SCADA,sensor_reading,T153,override,critical,10.0.0.254
2025-08-01T09:00:51Z,SCADA-010,SCADA,logic_change,T117,override,critical,10.0.0.254
2025-08-01T09:00:56Z,SCADA-001,SCADA,sensor_reading,T168,override,critical,192.168.99.99
2025-08-01T09:01:05Z,SCADA-007,SCADA,logic_change,T181,override,critical,10.0.0.254
2025-08-01T09:01:10Z,SCADA-004,SCADA,sensor_reading,T113,override,critical,192.168.99.99
2025-08-01T09:01:17Z,SCADA-003,SCADA,sensor_reading,T134,override,critical,10.0.0.254
2025-08-01T09:01:27Z,SCADA-005,SCADA,valve_status,T178,override,critical,192.168.99.99
2025-08-01T09:01:35Z,SCADA-005,SCADA,logic_change,T118,override,critical,192.168.99.99
2025-08-01T09:01:41Z,SCADA-004,SCADA,valve_status,T146,override,critical,192.168.99.99
2025-08-01T09:01:51Z,SCADA-009,SCADA,valve_status,T102,override,critical,192.168.99.99
2025-08-01T09:02:01Z,SCADA-001,SCADA,sensor_reading,T121,override,critical,192.168.99.99
2025-08-01T09:02:11Z,SCADA-002,SCADA,valve_status,T182,override,critical,10.0.0.254
2025-08-01T09:02:20Z,SCADA-010,SCADA,valve_status,T183,override,critical,10.0.0.254
2025-08-01T09:02:26Z,SCADA-001,SCADA,valve_status,T109,override,critical,10.0.0.254
2025-08-01T09:02:36Z,SCADA-001,SCADA,valve_status,T190,override,critical,192.168.99.99
2025-08-01T09:02:42Z,SCADA-006,SCADA,valve_status,T191,override,critical,10.0.0.254
2025-08-01T09:02:52Z,SCADA-003,SCADA,sensor_reading,T157,override,critical,192.168.99.99
2025-08-01T09:03:01Z,SCADA-004,SCADA,valve_status,T169,override,critical,192.168.99.99
2025-08-01T09:03:10Z,SCADA-002,SCADA,logic_change,T131,override,critical,192.168.99.99
2025-08-01T09:03:17Z,SCADA-002,SCADA,logic_change,T111,override,critical,192.168.99.99
2025-08-01T09:03:25Z,SCADA-004,SCADA,sensor_reading,T117,override,critical,10.0.0.254
2025-08-01T09:03:31Z,SCADA-004,SCADA,sensor_reading,T146,override,critical,10.0.0.254
