2025-08-01T08:54:19Z,LabShock-001,LabShock,anomaly,voltage_spike,spike,critical,10.0.0.254
2025-08-01T08:54:19Z,LabShock-001,LabShock,anomaly,voltage_spike,spike,critical,10.0.0.254
2025-08-01T09:00:37Z,LabShock-003,LabShock,latency,DO_01,250ms,warning,192.168.5.102
2025-08-01T08:07:43Z,LabShock-002,LabShock,spoofed_io,DO_01,350ms,critical,192.168.99.99
2025-08-01T08:49:15Z,LabShock-001,LabShock,spoofed_io,voltage_spike,1,critical,192.168.99.99
2025-08-01T08:20:22Z,LabShock-003,LabShock,latency,voltage_spike,250ms,warning,192.168.1.152
2025-08-01T08:24:25Z,LabShock-002,LabShock,latency,DO_01,250ms,warning,192.168.5.85
2025-08-01T08:03:09Z,LabShock-001,LabShock,latency,comm_delay,spike,critical,192.168.99.99
2025-08-01T09:01:42Z,LabShock-001,LabShock,spoofed_io,DO_01,250ms,warning,192.168.2.43
2025-08-01T08:29:29Z,LabShock-001,LabShock,anomaly,voltage_spike,250ms,warning,192.168.0.127
2025-08-01T08:44:37Z,LabShock-003,LabShock,latency,voltage_spike,250ms,warning,192.168.2.169
2025-08-01T08:45:53Z,LabShock-002,LabShock,latency,DO_01,spike,critical,10.0.0.254
2025-08-01T08:32:51Z,LabShock-003,LabShock,anomaly,voltage_spike,250ms,warning,192.168.4.75
2025-08-01T08:53:52Z,LabShock-001,LabShock,spoofed_io,voltage_spike,250ms,warning,192.168.5.9
2025-08-01T08:26:09Z,LabShock-002,LabShock,anomaly,DO_01,1,critical,10.0.0.254
2025-08-01T08:42:27Z,LabShock-003,LabShock,anomaly,DO_01,250ms,warning,192.168.0.138
2025-08-01T08:23:49Z,LabShock-002,LabShock,latency,voltage_spike,1,critical,192.168.99.99
2025-08-01T08:25:34Z,LabShock-001,LabShock,anomaly,DO_01,250ms,warning,192.168.4.83
2025-08-01T09:00:11Z,LabShock-002,LabShock,anomaly,comm_delay,250ms,warning,192.168.4.21
2025-08-01T09:01:03Z,LabShock-002,LabShock,anomaly,voltage_spike,250ms,warning,192.168.3.8
2025-08-01T08:38:02Z,LabShock-002,LabShock,spoofed_io,comm_delay,spike,critical,192.168.99.99
2025-08-01T08:17:48Z,LabShock-003,LabShock,anomaly,DO_01,350ms,critical,192.168.99.99
2025-08-01T08:10:12Z,LabShock-001,LabShock,spoofed_io,DO_01,250ms,warning,192.168.0.197
2025-08-01T08:42:04Z,LabShock-001,LabShock,spoofed_io,voltage_spike,350ms,critical,10.0.0.254
2025-08-01T08:33:06Z,LabShock-002,LabShock,anomaly,DO_01,250ms,warning,192.168.1.68
2025-08-01T08:35:51Z,LabShock-001,LabShock,latency,voltage_spike,1,critical,10.0.0.254
2025-08-01T08:34:54Z,LabShock-003,LabShock,latency,voltage_spike,fail,critical,192.168.99.99
2025-08-01T08:51:33Z,LabShock-003,LabShock,anomaly,DO_01,250ms,warning,192.168.4.41
2025-08-01T08:23:42Z,LabShock-002,LabShock,anomaly,voltage_spike,350ms,critical,10.0.0.254
2025-08-01T08:38:39Z,LabShock-003,LabShock,anomaly,comm_delay,250ms,warning,192.168.5.124
2025-08-01T08:37:25Z,LabShock-002,LabShock,spoofed_io,comm_delay,fail,critical,10.0.0.254
2025-08-01T08:43:40Z,LabShock-002,LabShock,spoofed_io,voltage_spike,250ms,warning,192.168.0.25
2025-08-01T08:36:55Z,LabShock-003,LabShock,latency,voltage_spike,fail,critical,192.168.99.99
2025-08-01T08:33:50Z,LabShock-002,LabShock,latency,DO_01,1,critical,192.168.99.99
2025-08-01T08:17:13Z,LabShock-001,LabShock,spoofed_io,DO_01,250ms,warning,192.168.5.49
2025-08-01T08:17:07Z,LabShock-002,LabShock,spoofed_io,voltage_spike,250ms,warning,192.168.0.198
2025-08-01T08:07:33Z,LabShock-003,LabShock,latency,voltage_spike,250ms,warning,192.168.1.120
2025-08-01T08:35:00Z,LabShock-001,LabShock,latency,voltage_spike,250ms,warning,192.168.0.101
2025-08-01T08:46:27Z,LabShock-003,LabShock,latency,comm_delay,250ms,warning,192.168.5.87
2025-08-01T08:13:54Z,LabShock-001,LabShock,anomaly,voltage_spike,fail,critical,192.168.99.99
2025-08-01T08:19:14Z,LabShock-003,LabShock,latency,DO_01,250ms,warning,192.168.3.141
2025-08-01T08:07:49Z,LabShock-001,LabShock,latency,comm_delay,250ms,warning,192.168.0.212
2025-08-01T08:25:17Z,LabShock-002,LabShock,spoofed_io,DO_01,250ms,warning,192.168.2.147
2025-08-01T08:41:27Z,LabShock-001,LabShock,spoofed_io,comm_delay,250ms,warning,192.168.4.208
2025-08-01T08:22:32Z,LabShock-001,LabShock,spoofed_io,comm_delay,350ms,critical,10.0.0.254
2025-08-01T08:51:03Z,LabShock-003,LabShock,latency,DO_01,spike,critical,10.0.0.254
2025-08-01T09:01:16Z,LabShock-003,LabShock,anomaly,voltage_spike,1,critical,10.0.0.254
2025-08-01T08:30:20Z,LabShock-003,LabShock,latency,comm_delay,fail,critical,192.168.99.99
2025-08-01T08:51:14Z,LabShock-002,LabShock,anomaly,comm_delay,spike,critical,192.168.99.99
2025-08-01T08:01:57Z,LabShock-003,LabShock,anomaly,DO_01,250ms,warning,192.168.0.190
2025-08-01T09:02:30Z,LabShock-002,LabShock,latency,comm_delay,250ms,warning,192.168.0.154
2025-08-01T08:22:51Z,LabShock-002,LabShock,latency,DO_01,fail,critical,10.0.0.254
2025-08-01T08:52:00Z,LabShock-003,LabShock,latency,comm_delay,250ms,warning,192.168.1.40
2025-08-01T08:32:58Z,LabShock-001,LabShock,anomaly,DO_01,spike,critical,10.0.0.254
2025-08-01T08:06:56Z,LabShock-001,LabShock,anomaly,DO_01,350ms,critical,192.168.99.99
2025-08-01T08:33:33Z,LabShock-002,LabShock,spoofed_io,comm_delay,250ms,warning,192.168.5.249
2025-08-01T08:40:51Z,LabShock-003,LabShock,latency,DO_01,1,critical,10.0.0.254
2025-08-01T08:53:38Z,LabShock-002,LabShock,latency,comm_delay,spike,critical,10.0.0.254
2025-08-01T08:41:15Z,LabShock-001,LabShock,anomaly,voltage_spike,fail,critical,192.168.99.99
2025-08-01T08:26:05Z,LabShock-001,LabShock,spoofed_io,comm_delay,250ms,warning,192.168.1.250
2025-08-01T08:16:59Z,LabShock-003,LabShock,spoofed_io,comm_delay,350ms,critical,192.168.99.99
2025-08-01T08:46:33Z,LabShock-003,LabShock,spoofed_io,comm_delay,250ms,warning,192.168.3.253
2025-08-01T08:58:00Z,LabShock-003,LabShock,latency,DO_01,350ms,critical,192.168.99.99
2025-08-01T08:41:04Z,LabShock-001,LabShock,spoofed_io,comm_delay,fail,critical,10.0.0.254
2025-08-01T08:08:51Z,LabShock-001,LabShock,spoofed_io,comm_delay,250ms,warning,192.168.1.96
2025-08-01T08:05:47Z,LabShock-003,LabShock,spoofed_io,comm_delay,spike,critical,192.168.99.99
2025-08-01T08:52:58Z,LabShock-001,LabShock,anomaly,voltage_spike,250ms,warning,192.168.5.71
2025-08-01T08:33:58Z,LabShock-002,LabShock,spoofed_io,comm_delay,250ms,warning,192.168.3.227
2025-08-01T08:12:20Z,LabShock-002,LabShock,anomaly,DO_01,spike,critical,192.168.99.99
2025-08-01T08:46:59Z,LabShock-001,LabShock,anomaly,comm_delay,250ms,warning,192.168.1.191
2025-08-01T08:42:17Z,LabShock-002,LabShock,anomaly,DO_01,350ms,critical,10.0.0.254
2025-08-01T08:02:53Z,LabShock-003,LabShock,anomaly,voltage_spike,spike,critical,192.168.99.99
2025-08-01T08:12:13Z,LabShock-003,LabShock,spoofed_io,DO_01,1,critical,10.0.0.254
2025-08-01T08:00:18Z,LabShock-002,LabShock,anomaly,comm_delay,fail,critical,10.0.0.254
2025-08-01T09:00:51Z,LabShock-003,LabShock,spoofed_io,comm_delay,spike,critical,10.0.0.254
2025-08-01T08:02:33Z,LabShock-002,LabShock,latency,voltage_spike,350ms,critical,10.0.0.254
2025-08-01T08:59:31Z,LabShock-002,LabShock,anomaly,voltage_spike,250ms,warning,192.168.5.12
2025-08-01T08:44:48Z,LabShock-001,LabShock,latency,comm_delay,250ms,warning,192.168.5.158
2025-08-01T08:46:11Z,LabShock-003,LabShock,anomaly,voltage_spike,1,critical,10.0.0.254
2025-08-01T08:19:46Z,LabShock-001,LabShock,anomaly,comm_delay,250ms,warning,192.168.3.139
2025-08-01T08:09:44Z,LabShock-002,LabShock,anomaly,comm_delay,250ms,warning,192.168.3.217
2025-08-01T08:48:15Z,LabShock-002,LabShock,anomaly,DO_01,250ms,warning,192.168.5.139
2025-08-01T08:25:39Z,LabShock-001,LabShock,anomaly,DO_01,spike,critical,192.168.99.99
2025-08-01T08:48:29Z,LabShock-002,LabShock,latency,voltage_spike,250ms,warning,192.168.0.97
2025-08-01T08:52:24Z,LabShock-001,LabShock,anomaly,comm_delay,250ms,warning,192.168.2.60
2025-08-01T08:35:16Z,LabShock-003,LabShock,latency,DO_01,spike,critical,10.0.0.254
2025-08-01T08:24:27Z,LabShock-003,LabShock,latency,comm_delay,fail,critical,10.0.0.254
2025-08-01T08:41:13Z,LabShock-001,LabShock,latency,voltage_spike,250ms,warning,192.168.2.37
2025-08-01T08:36:00Z,LabShock-003,LabShock,anomaly,voltage_spike,fail,critical,192.168.99.99
2025-08-01T08:12:50Z,LabShock-002,LabShock,spoofed_io,voltage_spike,fail,critical,10.0.0.254
2025-08-01T08:37:13Z,LabShock-001,LabShock,latency,DO_01,250ms,warning,192.168.0.196
2025-08-01T08:37:54Z,LabShock-001,LabShock,latency,comm_delay,350ms,critical,10.0.0.254
2025-08-01T08:39:17Z,LabShock-003,LabShock,latency,DO_01,350ms,critical,192.168.99.99
2025-08-01T08:26:45Z,LabShock-003,LabShock,anomaly,voltage_spike,250ms,warning,192.168.1.35
2025-08-01T08:40:49Z,LabShock-003,LabShock,latency,DO_01,250ms,warning,192.168.4.86
2025-08-01T08:33:13Z,LabShock-003,LabShock,latency,comm_delay,250ms,warning,192.168.4.146
2025-08-01T08:19:54Z,LabShock-001,LabShock,spoofed_io,comm_delay,fail,critical,10.0.0.254
2025-08-01T08:42:35Z,LabShock-002,LabShock,latency,voltage_spike,250ms,warning,192.168.3.153
2025-08-01T08:11:49Z,LabShock-002,LabShock,latency,voltage_spike,fail,critical,10.0.0.254
2025-08-01T08:38:51Z,LabShock-003,LabShock,latency,DO_01,350ms,critical,10.0.0.254
2025-08-01T08:44:43Z,LabShock-002,LabShock,spoofed_io,comm_delay,250ms,warning,192.168.1.158
2025-08-01T08:20:27Z,LabShock-001,LabShock,anomaly,DO_01,spike,critical,192.168.99.99
2025-08-01T08:14:33Z,LabShock-001,LabShock,latency,DO_01,fail,critical,10.0.0.254
2025-08-01T08:08:25Z,LabShock-002,LabShock,spoofed_io,comm_delay,250ms,warning,192.168.5.25
2025-08-01T08:24:53Z,LabShock-002,LabShock,anomaly,voltage_spike,250ms,warning,192.168.4.251
2025-08-01T08:55:57Z,LabShock-003,LabShock,spoofed_io,comm_delay,250ms,warning,192.168.3.20
2025-08-01T08:43:02Z,LabShock-002,LabShock,spoofed_io,DO_01,250ms,warning,192.168.2.14
2025-08-01T08:05:02Z,LabShock-002,LabShock,latency,voltage_spike,fail,critical,10.0.0.254
2025-08-01T08:02:06Z,LabShock-003,LabShock,anomaly,comm_delay,250ms,warning,192.168.2.67
2025-08-01T08:46:49Z,LabShock-002,LabShock,anomaly,DO_01,250ms,warning,192.168.2.150
2025-08-01T08:06:22Z,LabShock-002,LabShock,anomaly,DO_01,fail,critical,192.168.99.99
2025-08-01T08:37:16Z,LabShock-002,LabShock,anomaly,DO_01,spike,critical,192.168.99.99
2025-08-01T08:50:53Z,LabShock-002,LabShock,spoofed_io,comm_delay,250ms,warning,192.168.4.158
2025-08-01T08:00:16Z,LabShock-002,LabShock,latency,comm_delay,250ms,warning,192.168.1.31
2025-08-01T08:57:52Z,LabShock-003,LabShock,anomaly,voltage_spike,250ms,warning,192.168.2.248
2025-08-01T08:10:18Z,LabShock-003,LabShock,latency,DO_01,250ms,warning,192.168.0.225
2025-08-01T08:18:20Z,LabShock-001,LabShock,anomaly,DO_01,350ms,critical,192.168.99.99
2025-08-01T08:52:25Z,LabShock-002,LabShock,anomaly,DO_01,spike,critical,10.0.0.254
2025-08-01T08:09:10Z,LabShock-002,LabShock,anomaly,comm_delay,350ms,critical,192.168.99.99
2025-08-01T08:20:40Z,LabShock-002,LabShock,anomaly,comm_delay,1,critical,192.168.99.99
2025-08-01T08:54:21Z,LabShock-001,LabShock,latency,comm_delay,250ms,warning,192.168.1.98
2025-08-01T08:58:28Z,LabShock-003,LabShock,anomaly,DO_01,250ms,warning,192.168.3.109
2025-08-01T08:02:13Z,LabShock-001,LabShock,spoofed_io,DO_01,350ms,critical,192.168.99.99
2025-08-01T08:55:29Z,LabShock-002,LabShock,spoofed_io,DO_01,fail,critical,192.168.99.99
2025-08-01T08:27:15Z,LabShock-001,LabShock,anomaly,voltage_spike,fail,critical,10.0.0.254
2025-08-01T08:01:17Z,LabShock-002,LabShock,anomaly,DO_01,fail,critical,10.0.0.254
2025-08-01T08:30:41Z,LabShock-003,LabShock,anomaly,voltage_spike,250ms,warning,192.168.0.184
2025-08-01T08:15:24Z,LabShock-002,LabShock,latency,DO_01,250ms,warning,192.168.4.82
2025-08-01T08:49:27Z,LabShock-001,LabShock,anomaly,voltage_spike,250ms,warning,192.168.5.45
2025-08-01T08:37:11Z,LabShock-001,LabShock,spoofed_io,voltage_spike,spike,critical,192.168.99.99
2025-08-01T08:29:56Z,LabShock-002,LabShock,latency,comm_delay,fail,critical,10.0.0.254
2025-08-01T08:36:23Z,LabShock-003,LabShock,spoofed_io,voltage_spike,350ms,critical,10.0.0.254
2025-08-01T08:09:18Z,LabShock-002,LabShock,latency,comm_delay,250ms,warning,192.168.1.137
2025-08-01T08:09:35Z,LabShock-001,LabShock,anomaly,comm_delay,350ms,critical,192.168.99.99
2025-08-01T08:08:40Z,LabShock-002,LabShock,anomaly,voltage_spike,250ms,warning,192.168.2.36
2025-08-01T08:29:58Z,LabShock-003,LabShock,latency,voltage_spike,250ms,warning,192.168.2.87
2025-08-01T08:02:58Z,LabShock-001,LabShock,latency,comm_delay,250ms,warning,192.168.1.170
2025-08-01T08:54:56Z,LabShock-002,LabShock,spoofed_io,voltage_spike,250ms,warning,192.168.5.50
2025-08-01T08:36:29Z,LabShock-002,LabShock,anomaly,voltage_spike,250ms,warning,192.168.3.218
2025-08-01T08:57:18Z,LabShock-002,LabShock,spoofed_io,comm_delay,250ms,warning,192.168.0.165
2025-08-01T08:50:46Z,LabShock-003,LabShock,latency,DO_01,1,critical,10.0.0.254
2025-08-01T08:29:41Z,LabShock-001,LabShock,anomaly,voltage_spike,250ms,warning,192.168.5.7
2025-08-01T08:37:46Z,LabShock-001,LabShock,anomaly,DO_01,spike,critical,10.0.0.254
2025-08-01T08:01:13Z,LabShock-003,LabShock,latency,voltage_spike,250ms,warning,192.168.1.101
2025-08-01T08:25:57Z,LabShock-002,LabShock,latency,voltage_spike,250ms,warning,192.168.3.235
2025-08-01T08:33:26Z,LabShock-003,LabShock,latency,comm_delay,fail,critical,192.168.99.99
2025-08-01T08:03:29Z,LabShock-001,LabShock,latency,voltage_spike,250ms,warning,192.168.2.61
2025-08-01T09:00:54Z,LabShock-001,LabShock,spoofed_io,comm_delay,250ms,warning,192.168.0.220
2025-08-01T08:39:45Z,LabShock-002,LabShock,anomaly,comm_delay,350ms,critical,10.0.0.254
2025-08-01T08:31:59Z,LabShock-002,LabShock,latency,voltage_spike,250ms,warning,192.168.2.24
2025-08-01T08:34:11Z,LabShock-003,LabShock,latency,voltage_spike,250ms,warning,192.168.2.129
2025-08-01T08:39:27Z,LabShock-003,LabShock,anomaly,comm_delay,fail,critical,10.0.0.254
2025-08-01T09:01:08Z,LabShock-002,LabShock,latency,comm_delay,250ms,warning,192.168.4.155
2025-08-01T08:34:54Z,LabShock-002,LabShock,latency,comm_delay,250ms,warning,192.168.0.170
2025-08-01T08:57:24Z,LabShock-001,LabShock,anomaly,DO_01,1,critical,10.0.0.254
2025-08-01T08:38:43Z,LabShock-001,LabShock,spoofed_io,voltage_spike,fail,critical,10.0.0.254
2025-08-01T08:00:07Z,LabShock-001,LabShock,anomaly,voltage_spike,250ms,warning,192.168.1.78
2025-08-01T08:42:58Z,LabShock-002,LabShock,latency,comm_delay,spike,critical,10.0.0.254
2025-08-01T08:14:03Z,LabShock-002,LabShock,spoofed_io,voltage_spike,1,critical,192.168.99.99
2025-08-01T08:54:42Z,LabShock-002,LabShock,spoofed_io,voltage_spike,1,critical,10.0.0.254
2025-08-01T08:20:09Z,LabShock-003,LabShock,spoofed_io,DO_01,250ms,warning,192.168.3.92
2025-08-01T08:53:59Z,LabShock-003,LabShock,latency,comm_delay,350ms,critical,10.0.0.254
2025-08-01T08:14:48Z,LabShock-002,LabShock,spoofed_io,DO_01,350ms,critical,192.168.99.99
2025-08-01T08:55:32Z,LabShock-002,LabShock,spoofed_io,DO_01,250ms,warning,192.168.3.188
2025-08-01T08:15:41Z,LabShock-002,LabShock,spoofed_io,DO_01,350ms,critical,192.168.99.99
2025-08-01T08:09:51Z,LabShock-003,LabShock,spoofed_io,voltage_spike,250ms,warning,192.168.3.45
2025-08-01T08:56:29Z,LabShock-003,LabShock,anomaly,comm_delay,250ms,warning,192.168.3.114
2025-08-01T08:57:30Z,LabShock-003,LabShock,spoofed_io,DO_01,350ms,critical,10.0.0.254
2025-08-01T08:05:37Z,LabShock-003,LabShock,anomaly,DO_01,350ms,critical,192.168.99.99
2025-08-01T09:02:20Z,LabShock-003,LabShock,spoofed_io,voltage_spike,250ms,warning,192.168.5.56
2025-08-01T08:46:46Z,LabShock-003,LabShock,spoofed_io,voltage_spike,350ms,critical,10.0.0.254
2025-08-01T08:40:59Z,LabShock-002,LabShock,spoofed_io,DO_01,fail,critical,192.168.99.99
2025-08-01T08:13:00Z,LabShock-003,LabShock,anomaly,voltage_spike,350ms,critical,10.0.0.254
2025-08-01T08:50:53Z,LabShock-001,LabShock,spoofed_io,DO_01,spike,critical,192.168.99.99
2025-08-01T08:25:56Z,LabShock-003,LabShock,latency,comm_delay,spike,critical,10.0.0.254
2025-08-01T08:03:30Z,LabShock-001,LabShock,spoofed_io,voltage_spike,spike,critical,10.0.0.254
2025-08-01T08:21:47Z,LabShock-001,LabShock,anomaly,voltage_spike,1,critical,192.168.99.99
2025-08-01T08:43:52Z,LabShock-002,LabShock,latency,comm_delay,250ms,warning,192.168.3.79
2025-08-01T08:56:56Z,LabShock-003,LabShock,latency,voltage_spike,spike,critical,192.168.99.99
2025-08-01T08:33:01Z,LabShock-003,LabShock,latency,comm_delay,250ms,warning,192.168.5.62
2025-08-01T08:18:11Z,LabShock-002,LabShock,latency,DO_01,fail,critical,10.0.0.254
2025-08-01T08:20:03Z,LabShock-002,LabShock,latency,voltage_spike,250ms,warning,192.168.0.23
2025-08-01T08:18:56Z,LabShock-001,LabShock,anomaly,DO_01,250ms,warning,192.168.2.7
2025-08-01T08:20:52Z,LabShock-003,LabShock,spoofed_io,voltage_spike,250ms,warning,192.168.5.161
2025-08-01T08:16:43Z,LabShock-001,LabShock,spoofed_io,comm_delay,250ms,warning,192.168.4.71
2025-08-01T08:06:15Z,LabShock-001,LabShock,spoofed_io,voltage_spike,spike,critical,192.168.99.99
2025-08-01T08:10:23Z,LabShock-001,LabShock,spoofed_io,voltage_spike,250ms,warning,192.168.0.147
2025-08-01T08:33:11Z,LabShock-001,LabShock,latency,voltage_spike,fail,critical,192.168.99.99
2025-08-01T08:19:35Z,LabShock-003,LabShock,latency,comm_delay,350ms,critical,192.168.99.99
2025-08-01T09:02:24Z,LabShock-003,LabShock,latency,DO_01,fail,critical,192.168.99.99
2025-08-01T08:42:43Z,LabShock-001,LabShock,latency,voltage_spike,250ms,warning,192.168.3.237
2025-08-01T08:59:51Z,LabShock-001,LabShock,spoofed_io,DO_01,fail,critical,192.168.99.99
2025-08-01T08:41:50Z,LabShock-003,LabShock,spoofed_io,comm_delay,350ms,critical,192.168.99.99
2025-08-01T08:09:52Z,LabShock-002,LabShock,anomaly,DO_01,fail,critical,10.0.0.254
2025-08-01T08:18:20Z,LabShock-002,LabShock,anomaly,voltage_spike,250ms,warning,192.168.5.160
2025-08-01T08:26:27Z,LabShock-003,LabShock,anomaly,comm_delay,250ms,warning,192.168.2.113
2025-08-01T08:45:03Z,LabShock-003,LabShock,anomaly,comm_delay,250ms,warning,192.168.4.71
2025-08-01T08:38:09Z,LabShock-003,LabShock,anomaly,comm_delay,fail,critical,10.0.0.254
2025-08-01T08:59:02Z,LabShock-002,LabShock,spoofed_io,comm_delay,250ms,warning,192.168.3.62
2025-08-01T08:22:35Z,LabShock-002,LabShock,anomaly,DO_01,250ms,warning,192.168.0.229
2025-08-01T08:03:15Z,LabShock-001,LabShock,anomaly,voltage_spike,250ms,warning,192.168.2.209
2025-08-01T08:46:41Z,LabShock-001,LabShock,spoofed_io,DO_01,250ms,warning,192.168.3.53
2025-08-01T08:23:00Z,LabShock-003,LabShock,latency,comm_delay,1,critical,192.168.99.99
2025-08-01T08:29:16Z,LabShock-001,LabShock,latency,comm_delay,250ms,warning,192.168.4.24
2025-08-01T08:47:17Z,LabShock-002,LabShock,anomaly,DO_01,350ms,critical,10.0.0.254
2025-08-01T08:58:35Z,LabShock-003,LabShock,spoofed_io,DO_01,spike,critical,10.0.0.254
2025-08-01T08:51:38Z,LabShock-001,LabShock,spoofed_io,DO_01,spike,critical,10.0.0.254
2025-08-01T08:59:16Z,LabShock-003,LabShock,latency,DO_01,1,critical,192.168.99.99
2025-08-01T08:37:06Z,LabShock-001,LabShock,anomaly,DO_01,250ms,warning,192.168.3.250
2025-08-01T08:20:29Z,LabShock-003,LabShock,latency,voltage_spike,250ms,warning,192.168.3.196
2025-08-01T08:28:52Z,LabShock-002,LabShock,spoofed_io,DO_01,250ms,warning,192.168.1.46
2025-08-01T08:01:48Z,LabShock-003,LabShock,anomaly,DO_01,fail,critical,192.168.99.99
2025-08-01T08:28:37Z,LabShock-002,LabShock,latency,comm_delay,1,critical,10.0.0.254
2025-08-01T08:25:41Z,LabShock-003,LabShock,spoofed_io,comm_delay,250ms,warning,192.168.1.201
2025-08-01T08:34:38Z,LabShock-002,LabShock,anomaly,comm_delay,spike,critical,10.0.0.254
2025-08-01T08:10:00Z,LabShock-002,LabShock,anomaly,comm_delay,250ms,warning,192.168.1.133
2025-08-01T08:38:25Z,LabShock-002,LabShock,anomaly,DO_01,250ms,warning,192.168.5.15
2025-08-01T08:48:41Z,LabShock-002,LabShock,anomaly,voltage_spike,fail,critical,192.168.99.99
2025-08-01T08:19:05Z,LabShock-001,LabShock,spoofed_io,voltage_spike,250ms,warning,192.168.3.144
2025-08-01T08:05:27Z,LabShock-002,LabShock,spoofed_io,voltage_spike,spike,critical,192.168.99.99
2025-08-01T08:00:58Z,LabShock-001,LabShock,anomaly,DO_01,fail,critical,10.0.0.254
2025-08-01T08:12:20Z,LabShock-002,LabShock,latency,DO_01,250ms,warning,192.168.5.3
2025-08-01T08:54:12Z,LabShock-002,LabShock,spoofed_io,comm_delay,250ms,warning,192.168.4.41
2025-08-01T09:00:32Z,LabShock-003,LabShock,anomaly,comm_delay,250ms,warning,192.168.2.236
2025-08-01T08:55:21Z,LabShock-002,LabShock,spoofed_io,DO_01,spike,critical,192.168.99.99
2025-08-01T08:03:23Z,LabShock-002,LabShock,spoofed_io,voltage_spike,fail,critical,10.0.0.254
2025-08-01T08:17:41Z,LabShock-002,LabShock,anomaly,comm_delay,250ms,warning,192.168.0.168
2025-08-01T08:44:23Z,LabShock-001,LabShock,spoofed_io,DO_01,1,critical,192.168.99.99
2025-08-01T08:57:35Z,LabShock-003,LabShock,spoofed_io,comm_delay,fail,critical,192.168.99.99
2025-08-01T09:00:36Z,LabShock-003,LabShock,anomaly,comm_delay,350ms,critical,10.0.0.254
2025-08-01T08:07:49Z,LabShock-001,LabShock,spoofed_io,comm_delay,fail,critical,192.168.99.99
2025-08-01T08:22:42Z,LabShock-002,LabShock,spoofed_io,DO_01,250ms,warning,192.168.1.52
2025-08-01T08:11:31Z,LabShock-001,LabShock,spoofed_io,comm_delay,spike,critical,192.168.99.99
2025-08-01T08:45:55Z,LabShock-001,LabShock,anomaly,comm_delay,250ms,warning,192.168.3.84
2025-08-01T08:27:24Z,LabShock-001,LabShock,latency,comm_delay,250ms,warning,192.168.0.248
2025-08-01T08:19:00Z,LabShock-001,LabShock,spoofed_io,voltage_spike,1,critical,192.168.99.99
2025-08-01T08:45:36Z,LabShock-003,LabShock,spoofed_io,DO_01,250ms,warning,192.168.4.210
2025-08-01T08:59:06Z,LabShock-002,LabShock,anomaly,comm_delay,350ms,critical,10.0.0.254
2025-08-01T08:31:20Z,LabShock-001,LabShock,anomaly,DO_01,350ms,critical,192.168.99.99
2025-08-01T08:24:46Z,LabShock-002,LabShock,latency,comm_delay,1,critical,10.0.0.254
2025-08-01T08:54:09Z,LabShock-001,LabShock,spoofed_io,voltage_spike,spike,critical,10.0.0.254
2025-08-01T08:33:43Z,LabShock-001,LabShock,latency,comm_delay,1,critical,192.168.99.99
2025-08-01T08:26:03Z,LabShock-001,LabShock,anomaly,voltage_spike,350ms,critical,10.0.0.254
2025-08-01T08:56:47Z,LabShock-001,LabShock,spoofed_io,voltage_spike,250ms,warning,192.168.5.75
2025-08-01T08:15:29Z,LabShock-003,LabShock,spoofed_io,comm_delay,250ms,warning,192.168.2.204
2025-08-01T08:59:40Z,LabShock-003,LabShock,anomaly,DO_01,350ms,critical,192.168.99.99
2025-08-01T08:25:27Z,LabShock-001,LabShock,anomaly,voltage_spike,250ms,warning,192.168.1.73
2025-08-01T08:16:18Z,LabShock-002,LabShock,anomaly,voltage_spike,350ms,critical,192.168.99.99
2025-08-01T08:44:13Z,LabShock-002,LabShock,latency,DO_01,250ms,warning,192.168.3.167
2025-08-01T09:01:00Z,LabShock-003,LabShock,latency,comm_delay,spike,critical,192.168.99.99
2025-08-01T08:35:15Z,LabShock-002,LabShock,spoofed_io,comm_delay,250ms,warning,192.168.1.159
2025-08-01T08:17:04Z,LabShock-002,LabShock,latency,comm_delay,fail,critical,192.168.99.99
2025-08-01T08:53:17Z,LabShock-001,LabShock,anomaly,comm_delay,1,critical,10.0.0.254
2025-08-01T08:03:20Z,LabShock-002,LabShock,anomaly,DO_01,250ms,warning,192.168.5.131
2025-08-01T08:52:08Z,LabShock-001,LabShock,anomaly,comm_delay,250ms,warning,192.168.5.181
2025-08-01T08:48:46Z,LabShock-002,LabShock,anomaly,DO_01,spike,critical,10.0.0.254
2025-08-01T08:55:23Z,LabShock-001,LabShock,anomaly,DO_01,250ms,warning,192.168.1.191
2025-08-01T08:02:59Z,LabShock-001,LabShock,anomaly,comm_delay,spike,critical,192.168.99.99
2025-08-01T08:30:59Z,LabShock-001,LabShock,spoofed_io,voltage_spike,250ms,warning,192.168.0.96
2025-08-01T08:04:47Z,LabShock-001,LabShock,spoofed_io,voltage_spike,350ms,critical,10.0.0.254
2025-08-01T08:29:09Z,LabShock-003,LabShock,spoofed_io,DO_01,250ms,warning,192.168.5.65
2025-08-01T08:26:16Z,LabShock-001,LabShock,latency,voltage_spike,spike,critical,10.0.0.254
2025-08-01T08:41:45Z,LabShock-003,LabShock,anomaly,DO_01,fail,critical,10.0.0.254
2025-08-01T08:28:26Z,LabShock-001,LabShock,anomaly,voltage_spike,250ms,warning,192.168.1.154
2025-08-01T08:41:07Z,LabShock-003,LabShock,latency,comm_delay,250ms,warning,192.168.1.72
2025-08-01T08:13:14Z,LabShock-002,LabShock,spoofed_io,DO_01,250ms,warning,192.168.0.205
2025-08-01T09:01:06Z,LabShock-003,LabShock,latency,comm_delay,1,critical,10.0.0.254
2025-08-01T08:29:34Z,LabShock-002,LabShock,spoofed_io,comm_delay,250ms,warning,192.168.5.61
2025-08-01T08:15:56Z,LabShock-003,LabShock,anomaly,voltage_spike,250ms,warning,192.168.3.253
2025-08-01T08:55:06Z,LabShock-001,LabShock,spoofed_io,comm_delay,250ms,warning,192.168.3.108
2025-08-01T09:01:19Z,LabShock-001,LabShock,spoofed_io,voltage_spike,250ms,warning,192.168.0.53
2025-08-01T08:31:36Z,LabShock-003,LabShock,anomaly,DO_01,250ms,warning,192.168.1.209
2025-08-01T08:51:03Z,LabShock-002,LabShock,spoofed_io,DO_01,250ms,warning,192.168.2.23
2025-08-01T08:12:36Z,LabShock-003,LabShock,anomaly,voltage_spike,250ms,warning,192.168.4.17
2025-08-01T08:49:28Z,LabShock-002,LabShock,latency,DO_01,350ms,critical,10.0.0.254
2025-08-01T08:06:30Z,LabShock-003,LabShock,anomaly,DO_01,1,critical,192.168.99.99
2025-08-01T08:51:27Z,LabShock-003,LabShock,latency,DO_01,250ms,warning,192.168.0.133
2025-08-01T08:52:15Z,LabShock-002,LabShock,spoofed_io,DO_01,250ms,warning,192.168.5.126
2025-08-01T08:27:35Z,LabShock-002,LabShock,latency,comm_delay,fail,critical,10.0.0.254
2025-08-01T08:17:21Z,LabShock-003,LabShock,spoofed_io,voltage_spike,250ms,warning,192.168.2.61
2025-08-01T08:01:57Z,LabShock-001,LabShock,spoofed_io,DO_01,1,critical,10.0.0.254
2025-08-01T08:36:14Z,LabShock-002,LabShock,spoofed_io,comm_delay,fail,critical,10.0.0.254
2025-08-01T09:02:07Z,LabShock-002,LabShock,anomaly,voltage_spike,250ms,warning,192.168.3.94
2025-08-01T08:29:45Z,LabShock-003,LabShock,anomaly,comm_delay,350ms,critical,10.0.0.254
2025-08-01T08:11:24Z,LabShock-002,LabShock,spoofed_io,DO_01,spike,critical,192.168.99.99
2025-08-01T08:23:57Z,LabShock-001,LabShock,latency,DO_01,spike,critical,10.0.0.254
2025-08-01T08:32:35Z,LabShock-001,LabShock,latency,comm_delay,fail,critical,192.168.99.99
2025-08-01T08:24:48Z,LabShock-002,LabShock,latency,voltage_spike,250ms,warning,192.168.5.220
2025-08-01T08:07:20Z,LabShock-001,LabShock,latency,DO_01,250ms,warning,192.168.3.196
2025-08-01T09:00:25Z,LabShock-002,LabShock,anomaly,DO_01,250ms,warning,192.168.1.221
2025-08-01T08:14:12Z,LabShock-001,LabShock,latency,comm_delay,250ms,warning,192.168.4.153
2025-08-01T08:12:11Z,LabShock-003,LabShock,anomaly,voltage_spike,250ms,warning,192.168.5.214
2025-08-01T08:11:39Z,LabShock-001,LabShock,latency,DO_01,fail,critical,192.168.99.99
2025-08-01T08:02:06Z,LabShock-003,LabShock,spoofed_io,DO_01,fail,critical,10.0.0.254
2025-08-01T08:47:28Z,LabShock-001,LabShock,latency,voltage_spike,250ms,warning,192.168.5.177
2025-08-01T08:34:02Z,LabShock-001,LabShock,latency,comm_delay,1,critical,10.0.0.254
2025-08-01T08:10:19Z,LabShock-002,LabShock,anomaly,voltage_spike,350ms,critical,10.0.0.254
2025-08-01T08:05:18Z,LabShock-003,LabShock,spoofed_io,comm_delay,350ms,critical,192.168.99.99
2025-08-01T08:25:51Z,LabShock-002,LabShock,anomaly,comm_delay,250ms,warning,192.168.0.4
2025-08-01T08:08:11Z,LabShock-001,LabShock,anomaly,voltage_spike,1,critical,10.0.0.254
2025-08-01T08:05:36Z,LabShock-001,LabShock,anomaly,DO_01,250ms,warning,192.168.4.143
2025-08-01T08:15:17Z,LabShock-001,LabShock,latency,comm_delay,250ms,warning,192.168.5.56
2025-08-01T08:10:46Z,LabShock-003,LabShock,spoofed_io,DO_01,spike,critical,10.0.0.254
2025-08-01T08:14:20Z,LabShock-002,LabShock,spoofed_io,comm_delay,250ms,warning,192.168.2.222
2025-08-01T08:49:53Z,LabShock-002,LabShock,anomaly,DO_01,spike,critical,192.168.99.99
2025-08-01T08:00:54Z,LabShock-003,LabShock,anomaly,comm_delay,250ms,warning,192.168.4.235
2025-08-01T08:13:23Z,LabShock-002,LabShock,spoofed_io,comm_delay,250ms,warning,192.168.5.87
2025-08-01T08:38:32Z,LabShock-001,LabShock,anomaly,comm_delay,250ms,warning,192.168.3.9
2025-08-01T08:22:38Z,LabShock-003,LabShock,latency,voltage_spike,fail,critical,10.0.0.254
2025-08-01T08:55:46Z,LabShock-002,LabShock,spoofed_io,DO_01,250ms,warning,192.168.2.99
2025-08-01T08:17:26Z,LabShock-002,LabShock,anomaly,DO_01,1,critical,10.0.0.254
2025-08-01T08:51:43Z,LabShock-002,LabShock,anomaly,DO_01,fail,critical,10.0.0.254
2025-08-01T08:28:30Z,LabShock-002,LabShock,latency,voltage_spike,fail,critical,192.168.99.99
2025-08-01T08:40:12Z,LabShock-002,LabShock,spoofed_io,voltage_spike,1,critical,10.0.0.254
2025-08-01T09:00:02Z,LabShock-001,LabShock,anomaly,DO_01,250ms,warning,192.168.3.19
2025-08-01T08:43:57Z,LabShock-001,LabShock,anomaly,comm_delay,250ms,warning,192.168.2.10
2025-08-01T08:15:22Z,LabShock-002,LabShock,spoofed_io,voltage_spike,fail,critical,192.168.99.99
2025-08-01T08:17:50Z,LabShock-002,LabShock,latency,DO_01,250ms,warning,192.168.5.176
2025-08-01T08:12:40Z,LabShock-003,LabShock,spoofed_io,DO_01,1,critical,10.0.0.254
2025-08-01T08:28:57Z,LabShock-003,LabShock,latency,DO_01,250ms,warning,192.168.5.207
2025-08-01T08:15:15Z,LabShock-002,LabShock,anomaly,voltage_spike,spike,critical,192.168.99.99
2025-08-01T08:11:17Z,LabShock-003,LabShock,spoofed_io,DO_01,1,critical,192.168.99.99
2025-08-01T08:49:04Z,LabShock-002,LabShock,anomaly,comm_delay,250ms,warning,192.168.5.138
2025-08-01T08:08:06Z,LabShock-001,LabShock,latency,comm_delay,250ms,warning,192.168.4.52
2025-08-01T08:21:31Z,LabShock-001,LabShock,latency,voltage_spike,1,critical,10.0.0.254
2025-08-01T08:11:25Z,LabShock-002,LabShock,latency,DO_01,250ms,warning,192.168.4.235
2025-08-01T08:35:10Z,LabShock-001,LabShock,anomaly,comm_delay,250ms,warning,192.168.3.132
2025-08-01T08:19:11Z,LabShock-003,LabShock,anomaly,comm_delay,spike,critical,10.0.0.254
2025-08-01T08:04:52Z,LabShock-001,LabShock,spoofed_io,comm_delay,350ms,critical,192.168.99.99
2025-08-01T08:04:57Z,LabShock-001,LabShock,spoofed_io,comm_delay,250ms,warning,192.168.1.25
2025-08-01T08:27:20Z,LabShock-001,LabShock,latency,DO_01,spike,critical,10.0.0.254
2025-08-01T08:45:02Z,LabShock-003,LabShock,spoofed_io,DO_01,1,critical,10.0.0.254
2025-08-01T08:30:22Z,LabShock-002,LabShock,latency,comm_delay,250ms,warning,192.168.5.156
2025-08-01T08:05:10Z,LabShock-003,LabShock,anomaly,comm_delay,250ms,warning,192.168.3.75
2025-08-01T09:01:50Z,LabShock-001,LabShock,latency,comm_delay,fail,critical,192.168.99.99
2025-08-01T08:37:22Z,LabShock-002,LabShock,latency,voltage_spike,250ms,warning,192.168.4.9
2025-08-01T08:16:59Z,LabShock-002,LabShock,latency,voltage_spike,250ms,warning,192.168.2.239
2025-08-01T08:48:00Z,LabShock-003,LabShock,spoofed_io,comm_delay,250ms,warning,192.168.3.163
2025-08-01T08:30:15Z,LabShock-003,LabShock,anomaly,DO_01,250ms,warning,192.168.2.169
2025-08-01T08:50:27Z,LabShock-002,LabShock,latency,DO_01,1,critical,192.168.99.99
2025-08-01T09:01:32Z,LabShock-002,LabShock,latency,voltage_spike,250ms,warning,192.168.2.135
2025-08-01T08:28:23Z,LabShock-003,LabShock,anomaly,voltage_spike,fail,critical,10.0.0.254
2025-08-01T08:18:38Z,LabShock-003,LabShock,spoofed_io,voltage_spike,250ms,warning,192.168.4.236
2025-08-01T08:59:16Z,LabShock-003,LabShock,spoofed_io,voltage_spike,250ms,warning,192.168.3.45
2025-08-01T08:16:50Z,LabShock-002,LabShock,spoofed_io,comm_delay,spike,critical,10.0.0.254
2025-08-01T08:00:45Z,LabShock-003,LabShock,spoofed_io,comm_delay,1,critical,10.0.0.254
2025-08-01T08:45:42Z,LabShock-002,LabShock,spoofed_io,voltage_spike,1,critical,10.0.0.254
2025-08-01T08:43:27Z,LabShock-002,LabShock,latency,DO_01,350ms,critical,10.0.0.254
2025-08-01T08:39:34Z,LabShock-003,LabShock,latency,DO_01,250ms,warning,192.168.0.4
2025-08-01T08:17:40Z,LabShock-002,LabShock,anomaly,voltage_spike,350ms,critical,10.0.0.254
2025-08-01T08:20:16Z,LabShock-002,LabShock,latency,comm_delay,250ms,warning,192.168.1.175
2025-08-01T08:55:13Z,LabShock-003,LabShock,latency,voltage_spike,250ms,warning,192.168.5.10
2025-08-01T08:37:28Z,LabShock-003,LabShock,spoofed_io,DO_01,250ms,warning,192.168.4.62
2025-08-01T08:45:07Z,LabShock-002,LabShock,anomaly,voltage_spike,350ms,critical,10.0.0.254
2025-08-01T08:00:33Z,LabShock-001,LabShock,latency,comm_delay,350ms,critical,10.0.0.254
2025-08-01T08:09:20Z,LabShock-001,LabShock,anomaly,voltage_spike,1,critical,192.168.99.99
2025-08-01T08:51:19Z,LabShock-001,LabShock,anomaly,comm_delay,250ms,warning,192.168.1.149
2025-08-01T08:18:03Z,LabShock-003,LabShock,spoofed_io,DO_01,250ms,warning,192.168.1.107
2025-08-01T08:27:57Z,LabShock-002,LabShock,latency,comm_delay,250ms,warning,192.168.0.173
2025-08-01T08:11:50Z,LabShock-001,LabShock,latency,comm_delay,250ms,warning,192.168.4.219
2025-08-01T08:34:20Z,LabShock-002,LabShock,spoofed_io,comm_delay,350ms,critical,192.168.99.99
2025-08-01T08:00:25Z,LabShock-002,LabShock,latency,voltage_spike,250ms,warning,192.168.2.74
2025-08-01T08:22:22Z,LabShock-003,LabShock,latency,voltage_spike,1,critical,192.168.99.99
2025-08-01T08:52:31Z,LabShock-002,LabShock,latency,DO_01,250ms,warning,192.168.4.34
2025-08-01T08:25:07Z,LabShock-002,LabShock,latency,voltage_spike,250ms,warning,192.168.3.75
2025-08-01T08:44:31Z,LabShock-002,LabShock,latency,DO_01,fail,critical,192.168.99.99
2025-08-01T09:01:24Z,LabShock-001,LabShock,anomaly,DO_01,spike,critical,192.168.99.99
2025-08-01T08:00:45Z,LabShock-003,LabShock,latency,voltage_spike,250ms,warning,192.168.3.182
2025-08-01T08:06:58Z,LabShock-003,LabShock,latency,comm_delay,250ms,warning,192.168.3.204
2025-08-01T08:37:37Z,LabShock-003,LabShock,anomaly,DO_01,spike,critical,192.168.99.99
2025-08-01T08:13:36Z,LabShock-002,LabShock,spoofed_io,comm_delay,fail,critical,10.0.0.254
2025-08-01T09:00:28Z,LabShock-002,LabShock,anomaly,comm_delay,fail,critical,10.0.0.254
2025-08-01T08:54:57Z,LabShock-003,LabShock,spoofed_io,voltage_spike,spike,critical,192.168.99.99
2025-08-01T08:06:01Z,LabShock-001,LabShock,spoofed_io,DO_01,250ms,warning,192.168.3.195
2025-08-01T08:32:07Z,LabShock-003,LabShock,anomaly,DO_01,250ms,warning,192.168.3.195
2025-08-01T08:55:42Z,LabShock-002,LabShock,spoofed_io,comm_delay,1,critical,192.168.99.99
2025-08-01T08:38:16Z,LabShock-002,LabShock,spoofed_io,DO_01,250ms,warning,192.168.2.177
2025-08-01T08:10:05Z,LabShock-002,LabShock,spoofed_io,DO_01,250ms,warning,192.168.0.84
2025-08-01T08:48:16Z,LabShock-001,LabShock,anomaly,voltage_spike,350ms,critical,10.0.0.254
2025-08-01T08:37:47Z,LabShock-002,LabShock,latency,comm_delay,250ms,warning,192.168.2.83
2025-08-01T08:46:52Z,LabShock-002,LabShock,spoofed_io,voltage_spike,1,critical,10.0.0.254
2025-08-01T08:41:35Z,LabShock-002,LabShock,spoofed_io,comm_delay,250ms,warning,192.168.3.196
2025-08-01T08:26:53Z,LabShock-002,LabShock,anomaly,comm_delay,250ms,warning,192.168.5.148
2025-08-01T08:43:23Z,LabShock-001,LabShock,spoofed_io,comm_delay,250ms,warning,192.168.4.174
2025-08-01T08:05:46Z,LabShock-002,LabShock,spoofed_io,DO_01,250ms,warning,192.168.0.97
2025-08-01T08:04:20Z,LabShock-002,LabShock,spoofed_io,DO_01,1,critical,192.168.99.99
2025-08-01T08:44:58Z,LabShock-002,LabShock,anomaly,voltage_spike,250ms,warning,192.168.1.220
2025-08-01T08:54:30Z,LabShock-002,LabShock,anomaly,voltage_spike,250ms,warning,192.168.3.91
2025-08-01T08:13:14Z,LabShock-003,LabShock,latency,voltage_spike,fail,critical,192.168.99.99
2025-08-01T08:19:29Z,LabShock-002,LabShock,anomaly,voltage_spike,250ms,warning,192.168.5.113
2025-08-01T08:49:38Z,LabShock-002,LabShock,spoofed_io,DO_01,250ms,warning,192.168.2.232
2025-08-01T08:42:02Z,LabShock-002,LabShock,latency,comm_delay,250ms,warning,192.168.3.51
2025-08-01T08:11:03Z,LabShock-002,LabShock,anomaly,DO_01,250ms,warning,192.168.0.226
2025-08-01T08:11:33Z,LabShock-003,LabShock,latency,comm_delay,250ms,warning,192.168.4.28
2025-08-01T08:01:18Z,LabShock-002,LabShock,spoofed_io,voltage_spike,250ms,warning,192.168.1.29
2025-08-01T08:13:42Z,LabShock-002,LabShock,latency,voltage_spike,250ms,warning,192.168.0.243
2025-08-01T08:07:58Z,LabShock-002,LabShock,anomaly,voltage_spike,250ms,warning,192.168.2.57
2025-08-01T08:54:38Z,LabShock-003,LabShock,latency,comm_delay,250ms,warning,192.168.0.231
2025-08-01T08:21:02Z,LabShock-001,LabShock,latency,DO_01,250ms,warning,192.168.1.209
2025-08-01T08:57:02Z,LabShock-003,LabShock,latency,comm_delay,250ms,warning,192.168.0.215
2025-08-01T08:47:37Z,LabShock-002,LabShock,latency,voltage_spike,250ms,warning,192.168.5.180
2025-08-01T08:05:57Z,LabShock-002,LabShock,anomaly,comm_delay,1,critical,10.0.0.254
2025-08-01T08:24:17Z,LabShock-002,LabShock,anomaly,DO_01,fail,critical,10.0.0.254
2025-08-01T08:39:56Z,LabShock-002,LabShock,anomaly,comm_delay,250ms,warning,192.168.5.159
2025-08-01T08:21:21Z,LabShock-002,LabShock,anomaly,DO_01,spike,critical,10.0.0.254
2025-08-01T08:06:06Z,LabShock-003,LabShock,anomaly,voltage_spike,350ms,critical,10.0.0.254
2025-08-01T08:26:54Z,LabShock-003,LabShock,anomaly,DO_01,350ms,critical,192.168.99.99
2025-08-01T08:50:34Z,LabShock-001,LabShock,spoofed_io,DO_01,350ms,critical,192.168.99.99
2025-08-01T08:02:35Z,LabShock-001,LabShock,latency,DO_01,250ms,warning,192.168.1.114
2025-08-01T08:01:37Z,LabShock-002,LabShock,latency,comm_delay,1,critical,10.0.0.254
2025-08-01T08:09:03Z,LabShock-003,LabShock,anomaly,voltage_spike,fail,critical,192.168.99.99
2025-08-01T08:15:06Z,LabShock-001,LabShock,anomaly,DO_01,250ms,warning,192.168.4.95
2025-08-01T08:10:30Z,LabShock-003,LabShock,anomaly,voltage_spike,250ms,warning,192.168.4.158
2025-08-01T08:37:30Z,LabShock-002,LabShock,spoofed_io,DO_01,spike,critical,10.0.0.254
2025-08-01T08:13:28Z,LabShock-003,LabShock,anomaly,comm_delay,250ms,warning,192.168.4.58
2025-08-01T08:32:26Z,LabShock-001,LabShock,spoofed_io,comm_delay,250ms,warning,192.168.1.208
2025-08-01T08:46:21Z,LabShock-001,LabShock,spoofed_io,DO_01,250ms,warning,192.168.2.86
2025-08-01T08:43:57Z,LabShock-002,LabShock,latency,comm_delay,fail,critical,10.0.0.254
2025-08-01T08:59:57Z,LabShock-001,LabShock,latency,comm_delay,350ms,critical,10.0.0.254
2025-08-01T08:23:13Z,LabShock-002,LabShock,spoofed_io,voltage_spike,250ms,warning,192.168.1.39
2025-08-01T08:23:25Z,LabShock-003,LabShock,latency,comm_delay,250ms,warning,192.168.1.219
2025-08-01T08:30:11Z,LabShock-003,LabShock,spoofed_io,DO_01,fail,critical,192.168.99.99
2025-08-01T09:01:41Z,LabShock-002,LabShock,latency,DO_01,1,critical,192.168.99.99
2025-08-01T08:27:01Z,LabShock-001,LabShock,anomaly,comm_delay,350ms,critical,10.0.0.254
2025-08-01T08:46:04Z,LabShock-001,LabShock,anomaly,DO_01,250ms,warning,192.168.2.83
2025-08-01T08:43:04Z,LabShock-001,LabShock,anomaly,voltage_spike,350ms,critical,192.168.99.99
2025-08-01T08:17:35Z,LabShock-001,LabShock,latency,comm_delay,spike,critical,10.0.0.254
2025-08-01T08:56:47Z,LabShock-003,LabShock,anomaly,DO_01,350ms,critical,10.0.0.254
2025-08-01T08:40:33Z,LabShock-002,LabShock,latency,comm_delay,250ms,warning,192.168.3.96
2025-08-01T08:08:12Z,LabShock-001,LabShock,spoofed_io,DO_01,250ms,warning,192.168.2.75
2025-08-01T08:31:50Z,LabShock-002,LabShock,spoofed_io,voltage_spike,250ms,warning,192.168.0.66
2025-08-01T08:52:48Z,LabShock-003,LabShock,anomaly,voltage_spike,250ms,warning,192.168.4.111
2025-08-01T08:11:57Z,LabShock-003,LabShock,latency,voltage_spike,250ms,warning,192.168.4.206
2025-08-01T08:50:30Z,LabShock-001,LabShock,latency,DO_01,250ms,warning,192.168.2.77
2025-08-01T08:16:36Z,LabShock-003,LabShock,latency,voltage_spike,250ms,warning,192.168.1.204
2025-08-01T08:58:30Z,LabShock-002,LabShock,anomaly,voltage_spike,1,critical,192.168.99.99
2025-08-01T08:07:03Z,LabShock-003,LabShock,anomaly,voltage_spike,350ms,critical,10.0.0.254
2025-08-01T08:36:09Z,LabShock-001,LabShock,latency,DO_01,350ms,critical,10.0.0.254
2025-08-01T08:35:26Z,LabShock-003,LabShock,anomaly,voltage_spike,fail,critical,192.168.99.99
2025-08-01T08:22:17Z,LabShock-001,LabShock,latency,voltage_spike,250ms,warning,192.168.2.237
2025-08-01T08:48:24Z,LabShock-003,LabShock,spoofed_io,voltage_spike,250ms,warning,192.168.1.73
2025-08-01T08:31:26Z,LabShock-003,LabShock,anomaly,comm_delay,spike,critical,192.168.99.99
2025-08-01T08:08:55Z,LabShock-002,LabShock,spoofed_io,comm_delay,fail,critical,10.0.0.254
2025-08-01T08:49:33Z,LabShock-001,LabShock,latency,comm_delay,250ms,warning,192.168.3.203
2025-08-01T08:27:33Z,LabShock-003,LabShock,anomaly,voltage_spike,250ms,warning,192.168.0.146
2025-08-01T08:43:35Z,LabShock-003,LabShock,latency,voltage_spike,fail,critical,10.0.0.254
2025-08-01T08:40:30Z,LabShock-002,LabShock,latency,voltage_spike,1,critical,192.168.99.99
2025-08-01T08:38:08Z,LabShock-003,LabShock,latency,DO_01,250ms,warning,192.168.0.185
2025-08-01T08:58:35Z,LabShock-001,LabShock,latency,comm_delay,250ms,warning,192.168.3.50
2025-08-01T08:25:32Z,LabShock-002,LabShock,spoofed_io,DO_01,350ms,critical,192.168.99.99
2025-08-01T08:08:46Z,LabShock-001,LabShock,latency,comm_delay,250ms,warning,192.168.2.248
2025-08-01T08:57:51Z,LabShock-002,LabShock,anomaly,comm_delay,spike,critical,10.0.0.254
2025-08-01T08:27:57Z,LabShock-002,LabShock,anomaly,voltage_spike,fail,critical,10.0.0.254
2025-08-01T08:28:06Z,LabShock-001,LabShock,anomaly,DO_01,250ms,warning,192.168.5.173
2025-08-01T08:02:43Z,LabShock-001,LabShock,anomaly,voltage_spike,350ms,critical,10.0.0.254
2025-08-01T08:23:04Z,LabShock-002,LabShock,latency,DO_01,250ms,warning,192.168.1.136
2025-08-01T08:39:47Z,LabShock-002,LabShock,anomaly,comm_delay,250ms,warning,192.168.2.139
2025-08-01T08:53:24Z,LabShock-003,LabShock,spoofed_io,voltage_spike,spike,critical,192.168.99.99
2025-08-01T08:43:18Z,LabShock-003,LabShock,latency,DO_01,250ms,warning,192.168.4.103
2025-08-01T08:59:46Z,LabShock-003,LabShock,latency,comm_delay,350ms,critical,10.0.0.254
2025-08-01T08:19:06Z,LabShock-002,LabShock,spoofed_io,DO_01,spike,critical,10.0.0.254
2025-08-01T08:46:23Z,LabShock-003,LabShock,spoofed_io,comm_delay,1,critical,192.168.99.99
2025-08-01T08:14:11Z,LabShock-002,LabShock,spoofed_io,comm_delay,spike,critical,192.168.99.99
2025-08-01T08:48:57Z,LabShock-001,LabShock,spoofed_io,voltage_spike,250ms,warning,192.168.5.144
2025-08-01T08:04:22Z,LabShock-001,LabShock,latency,voltage_spike,250ms,warning,192.168.3.224
2025-08-01T08:56:02Z,LabShock-001,LabShock,spoofed_io,comm_delay,350ms,critical,192.168.99.99
2025-08-01T08:06:37Z,LabShock-001,LabShock,spoofed_io,DO_01,250ms,warning,192.168.0.223
2025-08-01T08:51:32Z,LabShock-001,LabShock,latency,comm_delay,350ms,critical,192.168.99.99
2025-08-01T08:47:52Z,LabShock-001,LabShock,spoofed_io,voltage_spike,fail,critical,192.168.99.99
2025-08-01T08:21:22Z,LabShock-003,LabShock,latency,DO_01,250ms,warning,192.168.1.192
2025-08-01T08:44:06Z,LabShock-001,LabShock,spoofed_io,comm_delay,fail,critical,192.168.99.99
2025-08-01T08:48:31Z,LabShock-002,LabShock,latency,DO_01,350ms,critical,192.168.99.99
2025-08-01T08:42:21Z,LabShock-003,LabShock,spoofed_io,DO_01,250ms,warning,192.168.0.214
2025-08-01T08:50:07Z,LabShock-003,LabShock,latency,voltage_spike,250ms,warning,192.168.2.2
2025-08-01T08:35:25Z,LabShock-002,LabShock,anomaly,DO_01,250ms,warning,192.168.1.26
2025-08-01T08:48:22Z,LabShock-002,LabShock,spoofed_io,voltage_spike,350ms,critical,10.0.0.254
2025-08-01T08:22:51Z,LabShock-003,LabShock,spoofed_io,voltage_spike,250ms,warning,192.168.0.58
2025-08-01T08:29:27Z,LabShock-001,LabShock,latency,comm_delay,fail,critical,10.0.0.254
2025-08-01T08:58:52Z,LabShock-001,LabShock,latency,DO_01,250ms,warning,192.168.4.40
2025-08-01T08:43:09Z,LabShock-003,LabShock,spoofed_io,voltage_spike,1,critical,10.0.0.254
2025-08-01T08:49:37Z,LabShock-001,LabShock,latency,comm_delay,spike,critical,192.168.99.99
2025-08-01T08:27:09Z,LabShock-002,LabShock,latency,comm_delay,fail,critical,192.168.99.99
2025-08-01T08:23:34Z,LabShock-002,LabShock,anomaly,voltage_spike,250ms,warning,192.168.5.95
2025-08-01T08:41:21Z,LabShock-001,LabShock,spoofed_io,voltage_spike,250ms,warning,192.168.4.216
2025-08-01T08:39:51Z,LabShock-001,LabShock,spoofed_io,voltage_spike,fail,critical,192.168.99.99
2025-08-01T08:30:25Z,LabShock-003,LabShock,spoofed_io,voltage_spike,fail,critical,10.0.0.254
2025-08-01T08:51:13Z,LabShock-003,LabShock,anomaly,DO_01,250ms,warning,192.168.1.128
2025-08-01T08:05:27Z,LabShock-001,LabShock,anomaly,DO_01,250ms,warning,192.168.2.212
2025-08-01T08:03:57Z,LabShock-003,LabShock,spoofed_io,voltage_spike,350ms,critical,10.0.0.254
2025-08-01T08:55:47Z,LabShock-002,LabShock,latency,voltage_spike,350ms,critical,192.168.99.99
2025-08-01T08:26:13Z,LabShock-002,LabShock,latency,DO_01,250ms,warning,192.168.2.27
2025-08-01T08:59:51Z,LabShock-003,LabShock,latency,comm_delay,250ms,warning,192.168.5.1
2025-08-01T08:13:20Z,LabShock-003,LabShock,latency,voltage_spike,fail,critical,10.0.0.254
2025-08-01T08:42:53Z,LabShock-002,LabShock,anomaly,comm_delay,250ms,warning,192.168.4.224
2025-08-01T08:01:01Z,LabShock-001,LabShock,anomaly,DO_01,250ms,warning,192.168.2.41
2025-08-01T08:36:48Z,LabShock-002,LabShock,spoofed_io,comm_delay,250ms,warning,192.168.2.102
2025-08-01T08:55:51Z,LabShock-001,LabShock,latency,comm_delay,250ms,warning,192.168.5.66
2025-08-01T08:45:26Z,LabShock-003,LabShock,spoofed_io,comm_delay,250ms,warning,192.168.4.57
2025-08-01T08:54:44Z,LabShock-002,LabShock,anomaly,DO_01,250ms,warning,192.168.3.46
2025-08-01T08:37:41Z,LabShock-001,LabShock,anomaly,comm_delay,250ms,warning,192.168.1.77
2025-08-01T08:18:29Z,LabShock-001,LabShock,anomaly,voltage_spike,250ms,warning,192.168.4.228
2025-08-01T08:45:24Z,LabShock-001,LabShock,spoofed_io,DO_01,spike,critical,10.0.0.254
2025-08-01T08:45:42Z,LabShock-001,LabShock,anomaly,DO_01,250ms,warning,192.168.1.67
2025-08-01T08:08:20Z,LabShock-003,LabShock,latency,comm_delay,spike,critical,192.168.99.99
2025-08-01T08:52:55Z,LabShock-003,LabShock,latency,comm_delay,fail,critical,10.0.0.254
2025-08-01T08:21:11Z,LabShock-001,LabShock,anomaly,voltage_spike,fail,critical,10.0.0.254
2025-08-01T08:11:55Z,LabShock-003,LabShock,latency,DO_01,spike,critical,192.168.99.99
2025-08-01T08:41:42Z,LabShock-001,LabShock,spoofed_io,voltage_spike,250ms,warning,192.168.1.206
2025-08-01T08:09:06Z,LabShock-003,LabShock,anomaly,comm_delay,250ms,warning,192.168.5.191
2025-08-01T08:01:26Z,LabShock-002,LabShock,latency,comm_delay,250ms,warning,192.168.2.107
2025-08-01T08:34:03Z,LabShock-001,LabShock,anomaly,DO_01,250ms,warning,192.168.3.238
2025-08-01T08:20:46Z,LabShock-003,LabShock,anomaly,voltage_spike,250ms,warning,192.168.2.20
2025-08-01T08:40:12Z,LabShock-001,LabShock,anomaly,voltage_spike,250ms,warning,192.168.4.211
2025-08-01T08:27:52Z,LabShock-003,LabShock,latency,DO_01,250ms,warning,192.168.1.245
2025-08-01T08:53:08Z,LabShock-002,LabShock,spoofed_io,comm_delay,250ms,warning,192.168.4.215
2025-08-01T08:21:41Z,LabShock-003,LabShock,latency,DO_01,spike,critical,10.0.0.254
2025-08-01T08:50:45Z,LabShock-002,LabShock,anomaly,voltage_spike,250ms,warning,192.168.0.237
2025-08-01T08:25:26Z,LabShock-001,LabShock,latency,DO_01,spike,critical,10.0.0.254
2025-08-01T08:03:43Z,LabShock-001,LabShock,spoofed_io,DO_01,fail,critical,192.168.99.99
2025-08-01T08:19:36Z,LabShock-003,LabShock,anomaly,DO_01,250ms,warning,192.168.1.176
2025-08-01T08:37:59Z,LabShock-003,LabShock,latency,comm_delay,250ms,warning,192.168.0.2
2025-08-01T08:04:49Z,LabShock-003,LabShock,spoofed_io,voltage_spike,250ms,warning,192.168.0.47
2025-08-01T08:19:54Z,LabShock-001,LabShock,anomaly,DO_01,250ms,warning,192.168.0.124
2025-08-01T08:53:22Z,LabShock-001,LabShock,spoofed_io,voltage_spike,250ms,warning,192.168.5.220
2025-08-01T08:48:06Z,LabShock-001,LabShock,spoofed_io,DO_01,250ms,warning,192.168.3.79
2025-08-01T08:25:20Z,LabShock-001,LabShock,anomaly,voltage_spike,350ms,critical,10.0.0.254
2025-08-01T08:40:28Z,LabShock-002,LabShock,latency,comm_delay,250ms,warning,192.168.1.113
2025-08-01T08:55:12Z,LabShock-002,LabShock,latency,comm_delay,1,critical,10.0.0.254
2025-08-01T08:43:45Z,LabShock-001,LabShock,anomaly,voltage_spike,250ms,warning,192.168.1.241
2025-08-01T08:56:20Z,LabShock-001,LabShock,spoofed_io,DO_01,fail,critical,10.0.0.254
2025-08-01T08:52:39Z,LabShock-002,LabShock,anomaly,DO_01,350ms,critical,10.0.0.254
2025-08-01T08:05:20Z,LabShock-003,LabShock,spoofed_io,DO_01,250ms,warning,192.168.0.167
2025-08-01T08:01:43Z,LabShock-002,LabShock,latency,voltage_spike,fail,critical,192.168.99.99
2025-08-01T08:04:41Z,LabShock-001,LabShock,latency,comm_delay,spike,critical,192.168.99.99
2025-08-01T08:14:37Z,LabShock-003,LabShock,anomaly,voltage_spike,250ms,warning,192.168.5.124
2025-08-01T08:45:48Z,LabShock-001,LabShock,spoofed_io,comm_delay,fail,critical,10.0.0.254
2025-08-01T08:33:23Z,LabShock-001,LabShock,latency,voltage_spike,250ms,warning,192.168.0.242
2025-08-01T08:48:08Z,LabShock-001,LabShock,anomaly,comm_delay,1,critical,10.0.0.254
2025-08-01T08:50:03Z,LabShock-002,LabShock,latency,comm_delay,fail,critical,192.168.99.99
2025-08-01T08:38:16Z,LabShock-001,LabShock,spoofed_io,voltage_spike,fail,critical,192.168.99.99
2025-08-01T08:35:41Z,LabShock-003,LabShock,anomaly,DO_01,spike,critical,192.168.99.99
2025-08-01T08:26:20Z,LabShock-003,LabShock,latency,voltage_spike,250ms,warning,192.168.5.47
2025-08-01T08:13:09Z,LabShock-003,LabShock,anomaly,DO_01,fail,critical,192.168.99.99
2025-08-01T08:23:10Z,LabShock-001,LabShock,anomaly,voltage_spike,1,critical,192.168.99.99
2025-08-01T08:09:29Z,LabShock-003,LabShock,latency,comm_delay,350ms,critical,192.168.99.99
2025-08-01T08:20:46Z,LabShock-001,LabShock,spoofed_io,voltage_spike,1,critical,192.168.99.99
2025-08-01T08:57:12Z,LabShock-002,LabShock,anomaly,DO_01,250ms,warning,192.168.2.186
2025-08-01T08:57:35Z,LabShock-002,LabShock,spoofed_io,comm_delay,250ms,warning,192.168.4.20
2025-08-01T08:13:28Z,LabShock-003,LabShock,spoofed_io,comm_delay,1,critical,10.0.0.254
2025-08-01T08:00:51Z,LabShock-003,LabShock,latency,DO_01,fail,critical,10.0.0.254
2025-08-01T08:32:43Z,LabShock-002,LabShock,anomaly,DO_01,250ms,warning,192.168.3.220
2025-08-01T08:28:20Z,LabShock-002,LabShock,anomaly,DO_01,250ms,warning,192.168.2.130
2025-08-01T08:16:04Z,LabShock-002,LabShock,anomaly,DO_01,350ms,critical,10.0.0.254
2025-08-01T08:53:46Z,LabShock-001,LabShock,anomaly,comm_delay,250ms,warning,192.168.1.75
2025-08-01T08:51:50Z,LabShock-003,LabShock,latency,DO_01,fail,critical,10.0.0.254
2025-08-01T08:15:11Z,LabShock-003,LabShock,latency,voltage_spike,250ms,warning,192.168.3.39
2025-08-01T08:12:08Z,LabShock-001,LabShock,spoofed_io,comm_delay,1,critical,192.168.99.99
2025-08-01T08:08:06Z,LabShock-003,LabShock,latency,comm_delay,fail,critical,10.0.0.254
2025-08-01T08:28:42Z,LabShock-002,LabShock,spoofed_io,DO_01,250ms,warning,192.168.4.171
2025-08-01T08:42:48Z,LabShock-001,LabShock,latency,voltage_spike,1,critical,10.0.0.254
2025-08-01T08:26:26Z,LabShock-003,LabShock,anomaly,DO_01,fail,critical,192.168.99.99
2025-08-01T08:47:09Z,LabShock-003,LabShock,spoofed_io,comm_delay,spike,critical,192.168.99.99
2025-08-01T08:19:19Z,LabShock-002,LabShock,spoofed_io,comm_delay,250ms,warning,192.168.0.235
2025-08-01T08:20:01Z,LabShock-003,LabShock,latency,comm_delay,350ms,critical,10.0.0.254
2025-08-01T08:10:37Z,LabShock-002,LabShock,latency,comm_delay,350ms,critical,192.168.99.99
2025-08-01T08:27:39Z,LabShock-003,LabShock,anomaly,comm_delay,250ms,warning,192.168.2.53
2025-08-01T08:10:29Z,LabShock-001,LabShock,latency,DO_01,350ms,critical,10.0.0.254
2025-08-01T09:02:14Z,LabShock-003,LabShock,spoofed_io,comm_delay,250ms,warning,192.168.1.156
2025-08-01T08:23:43Z,LabShock-003,LabShock,anomaly,comm_delay,250ms,warning,192.168.3.182
2025-08-01T08:07:20Z,LabShock-001,LabShock,spoofed_io,comm_delay,spike,critical,192.168.99.99
2025-08-01T08:21:32Z,LabShock-003,LabShock,spoofed_io,voltage_spike,250ms,warning,192.168.3.239
2025-08-01T08:24:40Z,LabShock-003,LabShock,latency,voltage_spike,1,critical,10.0.0.254
2025-08-01T08:16:01Z,LabShock-003,LabShock,latency,DO_01,250ms,warning,192.168.0.113
2025-08-01T08:08:19Z,LabShock-003,LabShock,latency,DO_01,250ms,warning,192.168.2.184
2025-08-01T08:40:22Z,LabShock-001,LabShock,anomaly,comm_delay,1,critical,192.168.99.99
2025-08-01T08:08:40Z,LabShock-001,LabShock,anomaly,comm_delay,fail,critical,10.0.0.254
2025-08-01T08:32:51Z,LabShock-001,LabShock,spoofed_io,comm_delay,spike,critical,192.168.99.99
2025-08-01T08:14:57Z,LabShock-003,LabShock,spoofed_io,voltage_spike,spike,critical,10.0.0.254
2025-08-01T08:42:43Z,LabShock-003,LabShock,latency,comm_delay,1,critical,192.168.99.99
2025-08-01T08:07:10Z,LabShock-003,LabShock,latency,comm_delay,1,critical,192.168.99.99
2025-08-01T08:40:42Z,LabShock-002,LabShock,latency,DO_01,250ms,warning,192.168.5.70
2025-08-01T08:07:03Z,LabShock-001,LabShock,latency,voltage_spike,250ms,warning,192.168.2.117
2025-08-01T08:53:43Z,LabShock-001,LabShock,anomaly,voltage_spike,spike,critical,10.0.0.254
2025-08-01T08:43:17Z,LabShock-001,LabShock,latency,DO_01,1,critical,10.0.0.254
2025-08-01T08:06:24Z,LabShock-001,LabShock,spoofed_io,voltage_spike,250ms,warning,192.168.0.234
2025-08-01T08:08:47Z,LabShock-003,LabShock,anomaly,DO_01,spike,critical,192.168.99.99
2025-08-01T08:49:22Z,LabShock-001,LabShock,spoofed_io,voltage_spike,spike,critical,10.0.0.254
2025-08-01T08:29:50Z,LabShock-002,LabShock,latency,voltage_spike,350ms,critical,192.168.99.99
2025-08-01T08:09:00Z,LabShock-002,LabShock,anomaly,comm_delay,250ms,warning,192.168.2.39
2025-08-01T08:14:42Z,LabShock-003,LabShock,spoofed_io,voltage_spike,spike,critical,192.168.99.99
2025-08-01T08:03:39Z,LabShock-003,LabShock,latency,DO_01,250ms,warning,192.168.2.134
2025-08-01T08:04:35Z,LabShock-003,LabShock,anomaly,DO_01,spike,critical,192.168.99.99
2025-08-01T08:20:19Z,LabShock-003,LabShock,spoofed_io,voltage_spike,fail,critical,10.0.0.254
2025-08-01T08:12:28Z,LabShock-001,LabShock,anomaly,comm_delay,1,critical,192.168.99.99
2025-08-01T08:42:48Z,LabShock-001,LabShock,spoofed_io,voltage_spike,250ms,warning,192.168.0.85
2025-08-01T08:12:33Z,LabShock-002,LabShock,latency,DO_01,fail,critical,192.168.99.99
2025-08-01T08:35:33Z,LabShock-001,LabShock,latency,comm_delay,250ms,warning,192.168.5.12
2025-08-01T08:51:08Z,LabShock-002,LabShock,latency,comm_delay,spike,critical,10.0.0.254
2025-08-01T08:52:18Z,LabShock-001,LabShock,anomaly,voltage_spike,1,critical,10.0.0.254
2025-08-01T08:23:20Z,LabShock-001,LabShock,anomaly,DO_01,250ms,warning,192.168.4.189
2025-08-01T08:27:46Z,LabShock-001,LabShock,anomaly,comm_delay,250ms,warning,192.168.0.121
2025-08-01T08:14:16Z,LabShock-002,LabShock,latency,voltage_spike,350ms,critical,192.168.99.99
2025-08-01T09:02:15Z,LabShock-003,LabShock,anomaly,voltage_spike,fail,critical,10.0.0.254
2025-08-01T08:13:49Z,LabShock-003,LabShock,spoofed_io,DO_01,spike,critical,10.0.0.254
2025-08-01T08:12:03Z,LabShock-001,LabShock,latency,DO_01,250ms,warning,192.168.5.155
2025-08-01T08:34:26Z,LabShock-001,LabShock,spoofed_io,DO_01,fail,critical,192.168.99.99
2025-08-01T08:10:11Z,LabShock-002,LabShock,spoofed_io,comm_delay,350ms,critical,10.0.0.254
2025-08-01T08:10:55Z,LabShock-001,LabShock,spoofed_io,comm_delay,spike,critical,10.0.0.254
2025-08-01T08:18:12Z,LabShock-002,LabShock,spoofed_io,comm_delay,250ms,warning,192.168.4.126
2025-08-01T08:46:54Z,LabShock-001,LabShock,anomaly,DO_01,250ms,warning,192.168.5.84
2025-08-01T08:24:55Z,LabShock-003,LabShock,latency,voltage_spike,spike,critical,192.168.99.99
2025-08-01T08:47:51Z,LabShock-001,LabShock,anomaly,voltage_spike,250ms,warning,192.168.2.182
2025-08-01T08:06:47Z,LabShock-002,LabShock,spoofed_io,voltage_spike,spike,critical,10.0.0.254
2025-08-01T08:50:35Z,LabShock-001,LabShock,spoofed_io,comm_delay,250ms,warning,192.168.0.253
2025-08-01T08:42:09Z,LabShock-002,LabShock,latency,DO_01,1,critical,192.168.99.99
2025-08-01T08:52:30Z,LabShock-001,LabShock,anomaly,comm_delay,fail,critical,10.0.0.254
2025-08-01T08:06:38Z,LabShock-002,LabShock,anomaly,voltage_spike,fail,critical,10.0.0.254
2025-08-01T08:22:06Z,LabShock-003,LabShock,latency,DO_01,250ms,warning,192.168.2.24
2025-08-01T08:23:31Z,LabShock-002,LabShock,anomaly,voltage_spike,1,critical,192.168.99.99
2025-08-01T08:06:16Z,LabShock-002,LabShock,anomaly,DO_01,250ms,warning,192.168.1.12
2025-08-01T08:56:39Z,LabShock-002,LabShock,spoofed_io,DO_01,250ms,warning,192.168.0.15
2025-08-01T08:11:44Z,LabShock-003,LabShock,anomaly,comm_delay,250ms,warning,192.168.0.65
2025-08-01T08:25:03Z,LabShock-003,LabShock,latency,voltage_spike,spike,critical,10.0.0.254
2025-08-01T08:49:54Z,LabShock-003,LabShock,latency,voltage_spike,250ms,warning,192.168.4.254
2025-08-01T08:39:40Z,LabShock-002,LabShock,anomaly,DO_01,250ms,warning,192.168.2.70
2025-08-01T08:35:34Z,LabShock-002,LabShock,spoofed_io,voltage_spike,1,critical,10.0.0.254
2025-08-01T08:24:20Z,LabShock-003,LabShock,spoofed_io,voltage_spike,250ms,warning,192.168.5.196
2025-08-01T08:37:05Z,LabShock-002,LabShock,spoofed_io,voltage_spike,fail,critical,192.168.99.99
2025-08-01T08:34:16Z,LabShock-002,LabShock,latency,DO_01,250ms,warning,192.168.3.204
2025-08-01T08:57:40Z,LabShock-002,LabShock,latency,DO_01,350ms,critical,10.0.0.254
2025-08-01T08:16:24Z,LabShock-002,LabShock,spoofed_io,comm_delay,250ms,warning,192.168.0.20
2025-08-01T09:01:24Z,LabShock-003,LabShock,latency,voltage_spike,250ms,warning,192.168.5.208
2025-08-01T08:16:33Z,LabShock-002,LabShock,anomaly,DO_01,350ms,critical,192.168.99.99
2025-08-01T08:51:23Z,LabShock-003,LabShock,latency,voltage_spike,1,critical,192.168.99.99
2025-08-01T08:53:15Z,LabShock-003,LabShock,spoofed_io,DO_01,250ms,warning,192.168.0.169
2025-08-01T08:23:20Z,LabShock-003,LabShock,spoofed_io,voltage_spike,spike,critical,192.168.99.99
2025-08-01T08:47:18Z,LabShock-001,LabShock,anomaly,DO_01,250ms,warning,192.168.1.54
2025-08-01T08:34:48Z,LabShock-002,LabShock,latency,voltage_spike,1,critical,10.0.0.254
2025-08-01T08:00:00Z,LabShock-002,LabShock,anomaly,DO_01,250ms,warning,192.168.5.52
2025-08-01T08:40:56Z,LabShock-002,LabShock,spoofed_io,DO_01,250ms,warning,192.168.1.122
2025-08-01T08:25:08Z,LabShock-001,LabShock,spoofed_io,comm_delay,350ms,critical,10.0.0.254
2025-08-01T08:46:16Z,LabShock-003,LabShock,latency,comm_delay,250ms,warning,192.168.2.21
2025-08-01T08:11:11Z,LabShock-003,LabShock,anomaly,DO_01,250ms,warning,192.168.1.227
2025-08-01T08:38:56Z,LabShock-003,LabShock,anomaly,comm_delay,250ms,warning,192.168.5.222
2025-08-01T08:54:48Z,LabShock-003,LabShock,spoofed_io,voltage_spike,spike,critical,192.168.99.99
2025-08-01T08:53:58Z,LabShock-002,LabShock,spoofed_io,voltage_spike,250ms,warning,192.168.1.20
2025-08-01T08:34:48Z,LabShock-003,LabShock,anomaly,DO_01,250ms,warning,192.168.1.156
2025-08-01T08:58:13Z,LabShock-001,LabShock,latency,DO_01,fail,critical,192.168.99.99
2025-08-01T09:00:22Z,LabShock-003,LabShock,anomaly,DO_01,1,critical,10.0.0.254
2025-08-01T08:45:13Z,LabShock-001,LabShock,spoofed_io,comm_delay,250ms,warning,192.168.4.99
2025-08-01T08:02:41Z,LabShock-001,LabShock,latency,voltage_spike,250ms,warning,192.168.3.7
2025-08-01T08:17:31Z,LabShock-002,LabShock,anomaly,voltage_spike,250ms,warning,192.168.2.207
2025-08-01T08:46:18Z,LabShock-002,LabShock,spoofed_io,comm_delay,fail,critical,10.0.0.254
2025-08-01T08:27:13Z,LabShock-003,LabShock,anomaly,voltage_spike,250ms,warning,192.168.4.230
2025-08-01T08:18:47Z,LabShock-003,LabShock,anomaly,comm_delay,250ms,warning,192.168.5.53
2025-08-01T08:24:34Z,LabShock-002,LabShock,latency,voltage_spike,spike,critical,192.168.99.99
2025-08-01T08:32:06Z,LabShock-003,LabShock,spoofed_io,voltage_spike,350ms,critical,192.168.99.99
2025-08-01T08:29:48Z,LabShock-002,LabShock,spoofed_io,comm_delay,250ms,warning,192.168.0.43
2025-08-01T09:02:06Z,LabShock-002,LabShock,latency,DO_01,350ms,critical,10.0.0.254
2025-08-01T08:56:06Z,LabShock-001,LabShock,anomaly,voltage_spike,250ms,warning,192.168.1.188
2025-08-01T08:35:07Z,LabShock-003,LabShock,latency,voltage_spike,spike,critical,10.0.0.254
2025-08-01T08:59:35Z,LabShock-002,LabShock,latency,voltage_spike,fail,critical,10.0.0.254
2025-08-01T08:26:46Z,LabShock-002,LabShock,spoofed_io,DO_01,350ms,critical,10.0.0.254
2025-08-01T08:20:35Z,LabShock-001,LabShock,latency,comm_delay,250ms,warning,192.168.1.196
2025-08-01T08:43:44Z,LabShock-002,LabShock,spoofed_io,comm_delay,1,critical,192.168.99.99
2025-08-01T08:12:49Z,LabShock-003,LabShock,spoofed_io,voltage_spike,250ms,warning,192.168.3.35
2025-08-01T08:44:53Z,LabShock-001,LabShock,latency,DO_01,spike,critical,10.0.0.254
2025-08-01T08:07:35Z,LabShock-002,LabShock,latency,comm_delay,1,critical,192.168.99.99
2025-08-01T08:29:21Z,LabShock-002,LabShock,spoofed_io,DO_01,350ms,critical,10.0.0.254
2025-08-01T08:37:52Z,LabShock-003,LabShock,spoofed_io,DO_01,250ms,warning,192.168.3.189
2025-08-01T08:55:53Z,LabShock-003,LabShock,spoofed_io,DO_01,1,critical,192.168.99.99
2025-08-01T08:27:41Z,LabShock-003,LabShock,spoofed_io,comm_delay,fail,critical,192.168.99.99
2025-08-01T08:52:05Z,LabShock-002,LabShock,latency,voltage_spike,fail,critical,192.168.99.99
2025-08-01T09:01:51Z,LabShock-002,LabShock,spoofed_io,DO_01,250ms,warning,192.168.2.120
2025-08-01T08:41:48Z,LabShock-002,LabShock,anomaly,voltage_spike,250ms,warning,192.168.2.151
2025-08-01T08:30:50Z,LabShock-002,LabShock,spoofed_io,comm_delay,250ms,warning,192.168.1.101
2025-08-01T08:45:14Z,LabShock-002,LabShock,latency,DO_01,fail,critical,192.168.99.99
2025-08-01T08:44:28Z,LabShock-003,LabShock,latency,comm_delay,250ms,warning,192.168.2.113
2025-08-01T08:57:09Z,LabShock-003,LabShock,spoofed_io,comm_delay,spike,critical,10.0.0.254
2025-08-01T08:46:37Z,LabShock-001,LabShock,spoofed_io,voltage_spike,1,critical,10.0.0.254
2025-08-01T08:40:45Z,LabShock-003,LabShock,spoofed_io,DO_01,350ms,critical,192.168.99.99
2025-08-01T08:35:02Z,LabShock-002,LabShock,spoofed_io,voltage_spike,350ms,critical,192.168.99.99
2025-08-01T08:53:01Z,LabShock-001,LabShock,spoofed_io,voltage_spike,350ms,critical,10.0.0.254
2025-08-01T08:29:15Z,LabShock-002,LabShock,anomaly,comm_delay,fail,critical,10.0.0.254
2025-08-01T08:37:35Z,LabShock-002,LabShock,anomaly,DO_01,250ms,warning,192.168.2.87
2025-08-01T08:02:23Z,LabShock-003,LabShock,anomaly,comm_delay,fail,critical,192.168.99.99
2025-08-01T08:41:57Z,LabShock-003,LabShock,spoofed_io,DO_01,1,critical,10.0.0.254
2025-08-01T08:34:34Z,LabShock-002,LabShock,anomaly,comm_delay,250ms,warning,192.168.1.165
2025-08-01T08:53:11Z,LabShock-003,LabShock,latency,comm_delay,spike,critical,192.168.99.99
2025-08-01T08:36:00Z,LabShock-001,LabShock,latency,comm_delay,250ms,warning,192.168.1.213
2025-08-01T08:15:07Z,LabShock-002,LabShock,anomaly,comm_delay,1,critical,10.0.0.254
2025-08-01T09:00:12Z,LabShock-003,LabShock,spoofed_io,comm_delay,350ms,critical,192.168.99.99
2025-08-01T08:10:01Z,LabShock-003,LabShock,anomaly,comm_delay,1,critical,10.0.0.254
2025-08-01T08:20:14Z,LabShock-002,LabShock,latency,voltage_spike,1,critical,10.0.0.254
2025-08-01T09:01:59Z,LabShock-003,LabShock,spoofed_io,DO_01,spike,critical,192.168.99.99
2025-08-01T08:56:19Z,LabShock-001,LabShock,latency,voltage_spike,250ms,warning,192.168.2.145
2025-08-01T08:52:11Z,LabShock-003,LabShock,anomaly,comm_delay,1,critical,10.0.0.254
2025-08-01T08:07:41Z,LabShock-002,LabShock,anomaly,comm_delay,250ms,warning,192.168.0.59
2025-08-01T08:31:51Z,LabShock-001,LabShock,latency,voltage_spike,spike,critical,192.168.99.99
2025-08-01T08:02:23Z,LabShock-002,LabShock,anomaly,voltage_spike,250ms,warning,192.168.2.220
2025-08-01T08:47:00Z,LabShock-003,LabShock,spoofed_io,voltage_spike,350ms,critical,10.0.0.254
2025-08-01T08:49:43Z,LabShock-001,LabShock,anomaly,DO_01,fail,critical,10.0.0.254
2025-08-01T08:12:01Z,LabShock-002,LabShock,anomaly,voltage_spike,350ms,critical,192.168.99.99
2025-08-01T08:15:42Z,LabShock-003,LabShock,spoofed_io,voltage_spike,250ms,warning,192.168.1.153
2025-08-01T08:29:00Z,LabShock-002,LabShock,latency,comm_delay,1,critical,10.0.0.254
2025-08-01T08:16:16Z,LabShock-003,LabShock,anomaly,comm_delay,250ms,warning,192.168.0.136
2025-08-01T08:15:51Z,LabShock-001,LabShock,latency,comm_delay,spike,critical,192.168.99.99
2025-08-01T08:30:50Z,LabShock-001,LabShock,spoofed_io,voltage_spike,fail,critical,10.0.0.254
2025-08-01T08:59:39Z,LabShock-003,LabShock,spoofed_io,DO_01,250ms,warning,192.168.0.54
2025-08-01T08:48:54Z,LabShock-003,LabShock,spoofed_io,voltage_spike,spike,critical,192.168.99.99
2025-08-01T08:09:36Z,LabShock-001,LabShock,anomaly,comm_delay,250ms,warning,192.168.4.70
2025-08-01T08:23:37Z,LabShock-002,LabShock,latency,DO_01,fail,critical,192.168.99.99
2025-08-01T08:48:43Z,LabShock-003,LabShock,latency,voltage_spike,250ms,warning,192.168.1.244
2025-08-01T08:18:55Z,LabShock-001,LabShock,latency,DO_01,350ms,critical,192.168.99.99
2025-08-01T08:13:59Z,LabShock-002,LabShock,anomaly,DO_01,250ms,warning,192.168.1.151
2025-08-01T08:48:00Z,LabShock-002,LabShock,spoofed_io,comm_delay,1,critical,10.0.0.254
2025-08-01T08:58:58Z,LabShock-002,LabShock,latency,voltage_spike,spike,critical,192.168.99.99
2025-08-01T08:05:10Z,LabShock-003,LabShock,latency,comm_delay,350ms,critical,10.0.0.254
2025-08-01T08:01:27Z,LabShock-003,LabShock,anomaly,voltage_spike,fail,critical,10.0.0.254
2025-08-01T08:04:07Z,LabShock-002,LabShock,latency,DO_01,spike,critical,10.0.0.254
2025-08-01T08:49:59Z,LabShock-003,LabShock,spoofed_io,voltage_spike,250ms,warning,192.168.2.226
2025-08-01T08:03:55Z,LabShock-003,LabShock,anomaly,comm_delay,250ms,warning,192.168.1.12
2025-08-01T08:28:07Z,LabShock-003,LabShock,spoofed_io,voltage_spike,1,critical,192.168.99.99
2025-08-01T08:59:44Z,LabShock-003,LabShock,spoofed_io,comm_delay,250ms,warning,192.168.5.42
2025-08-01T08:22:25Z,LabShock-003,LabShock,spoofed_io,comm_delay,250ms,warning,192.168.5.228
2025-08-01T08:22:56Z,LabShock-002,LabShock,anomaly,voltage_spike,250ms,warning,192.168.4.125
2025-08-01T08:01:42Z,LabShock-002,LabShock,latency,comm_delay,250ms,warning,192.168.2.189
2025-08-01T08:56:52Z,LabShock-002,LabShock,spoofed_io,comm_delay,250ms,warning,192.168.0.252
2025-08-01T08:21:42Z,LabShock-002,LabShock,spoofed_io,comm_delay,250ms,warning,192.168.4.76
2025-08-01T08:07:13Z,LabShock-001,LabShock,latency,DO_01,250ms,warning,192.168.3.236
2025-08-01T08:00:38Z,LabShock-002,LabShock,anomaly,comm_delay,1,critical,192.168.99.99
2025-08-01T08:31:58Z,LabShock-002,LabShock,anomaly,voltage_spike,fail,critical,192.168.99.99
2025-08-01T08:54:36Z,LabShock-002,LabShock,anomaly,comm_delay,350ms,critical,10.0.0.254
2025-08-01T08:59:26Z,LabShock-003,LabShock,anomaly,comm_delay,fail,critical,192.168.99.99
2025-08-01T08:19:49Z,LabShock-002,LabShock,spoofed_io,DO_01,350ms,critical,192.168.99.99
2025-08-01T08:04:28Z,LabShock-001,LabShock,spoofed_io,voltage_spike,1,critical,10.0.0.254
2025-08-01T08:11:38Z,LabShock-003,LabShock,spoofed_io,comm_delay,250ms,warning,192.168.5.172
2025-08-01T09:00:16Z,LabShock-003,LabShock,latency,comm_delay,250ms,warning,192.168.3.191
2025-08-01T08:56:10Z,LabShock-002,LabShock,anomaly,comm_delay,fail,critical,192.168.99.99
2025-08-01T08:39:00Z,LabShock-003,LabShock,anomaly,comm_delay,fail,critical,192.168.99.99
2025-08-01T08:50:19Z,LabShock-001,LabShock,latency,comm_delay,spike,critical,10.0.0.254
2025-08-01T08:49:49Z,LabShock-001,LabShock,anomaly,voltage_spike,250ms,warning,192.168.3.21
2025-08-01T08:00:32Z,LabShock-001,LabShock,latency,voltage_spike,250ms,warning,192.168.1.193
2025-08-01T08:06:07Z,LabShock-001,LabShock,anomaly,DO_01,250ms,warning,192.168.0.169
2025-08-01T08:24:01Z,LabShock-001,LabShock,spoofed_io,comm_delay,250ms,warning,192.168.0.35
2025-08-01T08:30:32Z,LabShock-003,LabShock,anomaly,voltage_spike,250ms,warning,192.168.1.98
2025-08-01T08:15:31Z,LabShock-002,LabShock,latency,voltage_spike,spike,critical,10.0.0.254
2025-08-01T08:31:08Z,LabShock-001,LabShock,spoofed_io,comm_delay,250ms,warning,192.168.4.11
2025-08-01T08:46:01Z,LabShock-002,LabShock,spoofed_io,voltage_spike,fail,critical,192.168.99.99
2025-08-01T08:03:49Z,LabShock-003,LabShock,anomaly,comm_delay,250ms,warning,192.168.2.9
2025-08-01T08:18:48Z,LabShock-002,LabShock,spoofed_io,comm_delay,1,critical,10.0.0.254
2025-08-01T08:56:30Z,LabShock-001,LabShock,spoofed_io,comm_delay,fail,critical,192.168.99.99
2025-08-01T08:31:43Z,LabShock-001,LabShock,latency,voltage_spike,250ms,warning,192.168.0.168
2025-08-01T08:09:28Z,LabShock-002,LabShock,latency,voltage_spike,250ms,warning,192.168.5.187
2025-08-01T08:31:31Z,LabShock-001,LabShock,latency,comm_delay,1,critical,10.0.0.254
2025-08-01T08:15:34Z,LabShock-002,LabShock,latency,voltage_spike,250ms,warning,192.168.3.161
2025-08-01T08:30:45Z,LabShock-003,LabShock,anomaly,voltage_spike,350ms,critical,10.0.0.254
2025-08-01T08:32:31Z,LabShock-002,LabShock,spoofed_io,voltage_spike,250ms,warning,192.168.0.57
2025-08-01T08:14:29Z,LabShock-001,LabShock,anomaly,voltage_spike,250ms,warning,192.168.0.97
2025-08-01T08:31:04Z,LabShock-003,LabShock,anomaly,DO_01,1,critical,10.0.0.254
2025-08-01T08:32:41Z,LabShock-001,LabShock,spoofed_io,DO_01,fail,critical,10.0.0.254
2025-08-01T08:33:43Z,LabShock-003,LabShock,spoofed_io,voltage_spike,250ms,warning,192.168.1.76
2025-08-01T08:34:43Z,LabShock-003,LabShock,latency,DO_01,fail,critical,10.0.0.254
2025-08-01T08:50:15Z,LabShock-003,LabShock,latency,voltage_spike,250ms,warning,192.168.4.115
2025-08-01T08:38:37Z,LabShock-001,LabShock,spoofed_io,voltage_spike,spike,critical,192.168.99.99
2025-08-01T08:00:08Z,LabShock-002,LabShock,latency,comm_delay,350ms,critical,192.168.99.99
2025-08-01T08:33:50Z,LabShock-002,LabShock,spoofed_io,comm_delay,250ms,warning,192.168.5.52
2025-08-01T08:24:59Z,LabShock-002,LabShock,anomaly,DO_01,250ms,warning,192.168.0.182
2025-08-01T08:30:34Z,LabShock-002,LabShock,spoofed_io,DO_01,350ms,critical,10.0.0.254
2025-08-01T08:36:29Z,LabShock-001,LabShock,anomaly,voltage_spike,fail,critical,192.168.99.99
2025-08-01T08:17:57Z,LabShock-001,LabShock,spoofed_io,comm_delay,250ms,warning,192.168.2.54
2025-08-01T08:27:03Z,LabShock-003,LabShock,spoofed_io,DO_01,250ms,warning,192.168.5.220
2025-08-01T08:05:03Z,LabShock-001,LabShock,spoofed_io,DO_01,250ms,warning,192.168.0.135
2025-08-01T08:07:57Z,LabShock-003,LabShock,spoofed_io,voltage_spike,spike,critical,10.0.0.254
2025-08-01T08:24:06Z,LabShock-003,LabShock,latency,comm_delay,250ms,warning,192.168.3.234
2025-08-01T08:29:36Z,LabShock-001,LabShock,latency,comm_delay,350ms,critical,10.0.0.254
2025-08-01T08:04:15Z,LabShock-003,LabShock,anomaly,voltage_spike,250ms,warning,192.168.5.139
2025-08-01T08:39:22Z,LabShock-002,LabShock,latency,DO_01,fail,critical,10.0.0.254
2025-08-01T08:35:45Z,LabShock-003,LabShock,spoofed_io,DO_01,250ms,warning,192.168.0.215
2025-08-01T08:25:15Z,LabShock-002,LabShock,spoofed_io,comm_delay,fail,critical,192.168.99.99
2025-08-01T08:36:19Z,LabShock-003,LabShock,anomaly,voltage_spike,250ms,warning,192.168.1.125
2025-08-01T08:24:12Z,LabShock-002,LabShock,spoofed_io,comm_delay,250ms,warning,192.168.0.25
2025-08-01T08:47:25Z,LabShock-001,LabShock,anomaly,DO_01,fail,critical,10.0.0.254
2025-08-01T08:41:10Z,LabShock-003,LabShock,latency,DO_01,1,critical,10.0.0.254
2025-08-01T08:58:12Z,LabShock-002,LabShock,latency,DO_01,250ms,warning,192.168.0.146
2025-08-01T08:10:54Z,LabShock-003,LabShock,spoofed_io,DO_01,250ms,warning,192.168.4.137
2025-08-01T08:04:14Z,LabShock-001,LabShock,latency,voltage_spike,1,critical,192.168.99.99
2025-08-01T08:58:02Z,LabShock-002,LabShock,spoofed_io,comm_delay,250ms,warning,192.168.2.102
2025-08-01T08:14:25Z,LabShock-002,LabShock,anomaly,voltage_spike,1,critical,10.0.0.254
2025-08-01T08:29:02Z,LabShock-002,LabShock,anomaly,voltage_spike,250ms,warning,192.168.3.56
2025-08-01T08:20:32Z,LabShock-002,LabShock,anomaly,DO_01,spike,critical,10.0.0.254
2025-08-01T08:17:57Z,LabShock-002,LabShock,spoofed_io,comm_delay,spike,critical,10.0.0.254
2025-08-01T08:24:07Z,LabShock-001,LabShock,spoofed_io,comm_delay,350ms,critical,10.0.0.254
2025-08-01T08:30:58Z,LabShock-001,LabShock,spoofed_io,comm_delay,1,critical,10.0.0.254
2025-08-01T09:00:45Z,LabShock-001,LabShock,spoofed_io,voltage_spike,fail,critical,192.168.99.99
2025-08-01T08:39:35Z,LabShock-003,LabShock,spoofed_io,voltage_spike,350ms,critical,192.168.99.99
2025-08-01T08:45:47Z,LabShock-001,LabShock,latency,comm_delay,250ms,warning,192.168.2.61
2025-08-01T08:54:26Z,LabShock-001,LabShock,latency,comm_delay,1,critical,192.168.99.99
2025-08-01T08:19:42Z,LabShock-003,LabShock,spoofed_io,comm_delay,fail,critical,10.0.0.254
2025-08-01T08:02:28Z,LabShock-003,LabShock,spoofed_io,comm_delay,250ms,warning,192.168.0.247
2025-08-01T08:22:11Z,LabShock-002,LabShock,latency,DO_01,250ms,warning,192.168.5.149
2025-08-01T08:21:15Z,LabShock-001,LabShock,latency,comm_delay,250ms,warning,192.168.1.248
2025-08-01T08:33:55Z,LabShock-001,LabShock,spoofed_io,comm_delay,spike,critical,192.168.99.99
2025-08-01T08:24:41Z,LabShock-001,LabShock,anomaly,DO_01,250ms,warning,192.168.2.148
2025-08-01T08:57:01Z,LabShock-001,LabShock,spoofed_io,DO_01,fail,critical,192.168.99.99
2025-08-01T08:46:10Z,LabShock-001,LabShock,anomaly,DO_01,250ms,warning,192.168.4.59
2025-08-01T08:16:42Z,LabShock-003,LabShock,spoofed_io,voltage_spike,spike,critical,10.0.0.254
2025-08-01T08:22:12Z,LabShock-001,LabShock,latency,voltage_spike,fail,critical,10.0.0.254
2025-08-01T08:32:19Z,LabShock-002,LabShock,anomaly,comm_delay,350ms,critical,10.0.0.254
2025-08-01T08:05:52Z,LabShock-003,LabShock,latency,voltage_spike,250ms,warning,192.168.2.36
2025-08-01T08:34:12Z,LabShock-002,LabShock,spoofed_io,comm_delay,fail,critical,10.0.0.254
2025-08-01T08:26:36Z,LabShock-001,LabShock,anomaly,voltage_spike,spike,critical,192.168.99.99
2025-08-01T08:44:37Z,LabShock-001,LabShock,spoofed_io,voltage_spike,350ms,critical,10.0.0.254
2025-08-01T08:58:22Z,LabShock-003,LabShock,latency,comm_delay,250ms,warning,192.168.5.59
2025-08-01T08:30:07Z,LabShock-002,LabShock,spoofed_io,DO_01,250ms,warning,192.168.3.227
2025-08-01T08:57:14Z,LabShock-001,LabShock,latency,comm_delay,1,critical,192.168.99.99
2025-08-01T08:55:37Z,LabShock-001,LabShock,anomaly,comm_delay,spike,critical,10.0.0.254
2025-08-01T08:09:44Z,LabShock-003,LabShock,anomaly,DO_01,350ms,critical,10.0.0.254
2025-08-01T08:01:06Z,LabShock-002,LabShock,latency,voltage_spike,250ms,warning,192.168.0.98
2025-08-01T08:36:58Z,LabShock-003,LabShock,latency,comm_delay,250ms,warning,192.168.5.225
2025-08-01T08:14:51Z,LabShock-002,LabShock,spoofed_io,voltage_spike,250ms,warning,192.168.0.131
2025-08-01T08:31:17Z,LabShock-002,LabShock,spoofed_io,DO_01,250ms,warning,192.168.3.174
2025-08-01T08:51:51Z,LabShock-002,LabShock,latency,DO_01,250ms,warning,192.168.1.37
2025-08-01T08:27:28Z,LabShock-003,LabShock,latency,comm_delay,spike,critical,192.168.99.99
2025-08-01T08:56:13Z,LabShock-001,LabShock,latency,comm_delay,250ms,warning,192.168.0.165
2025-08-01T08:40:07Z,LabShock-003,LabShock,latency,comm_delay,spike,critical,192.168.99.99
2025-08-01T08:08:30Z,LabShock-001,LabShock,latency,DO_01,1,critical,192.168.99.99
2025-08-01T08:47:45Z,LabShock-001,LabShock,anomaly,DO_01,250ms,warning,192.168.4.199
2025-08-01T08:41:35Z,LabShock-002,LabShock,anomaly,comm_delay,fail,critical,192.168.99.99
2025-08-01T08:11:02Z,LabShock-002,LabShock,latency,DO_01,350ms,critical,10.0.0.254
2025-08-01T08:36:39Z,LabShock-003,LabShock,latency,comm_delay,350ms,critical,10.0.0.254
2025-08-01T08:15:48Z,LabShock-002,LabShock,anomaly,DO_01,250ms,warning,192.168.4.225
2025-08-01T08:44:07Z,LabShock-002,LabShock,spoofed_io,voltage_spike,250ms,warning,192.168.2.139
2025-08-01T08:16:06Z,LabShock-001,LabShock,spoofed_io,voltage_spike,250ms,warning,192.168.1.223
2025-08-01T08:45:32Z,LabShock-001,LabShock,latency,voltage_spike,350ms,critical,192.168.99.99
2025-08-01T08:38:31Z,LabShock-001,LabShock,anomaly,voltage_spike,spike,critical,192.168.99.99
2025-08-01T08:58:43Z,LabShock-002,LabShock,spoofed_io,voltage_spike,250ms,warning,192.168.0.194
2025-08-01T08:49:05Z,LabShock-001,LabShock,latency,DO_01,spike,critical,10.0.0.254
2025-08-01T08:23:26Z,LabShock-002,LabShock,spoofed_io,voltage_spike,spike,critical,10.0.0.254
2025-08-01T08:33:05Z,LabShock-001,LabShock,anomaly,voltage_spike,fail,critical,192.168.99.99
2025-08-01T08:31:36Z,LabShock-001,LabShock,latency,voltage_spike,1,critical,10.0.0.254
2025-08-01T08:10:36Z,LabShock-003,LabShock,latency,DO_01,250ms,warning,192.168.4.108
2025-08-01T08:41:25Z,LabShock-002,LabShock,latency,DO_01,fail,critical,10.0.0.254
2025-08-01T08:01:04Z,LabShock-001,LabShock,latency,voltage_spike,350ms,critical,10.0.0.254
2025-08-01T08:46:32Z,LabShock-003,LabShock,spoofed_io,voltage_spike,350ms,critical,10.0.0.254
2025-08-01T08:48:34Z,LabShock-003,LabShock,spoofed_io,voltage_spike,250ms,warning,192.168.5.152
2025-08-01T08:40:00Z,LabShock-003,LabShock,latency,voltage_spike,spike,critical,192.168.99.99
2025-08-01T08:29:08Z,LabShock-001,LabShock,anomaly,comm_delay,spike,critical,10.0.0.254
2025-08-01T08:58:23Z,LabShock-003,LabShock,spoofed_io,voltage_spike,fail,critical,10.0.0.254
2025-08-01T08:35:54Z,LabShock-003,LabShock,spoofed_io,voltage_spike,250ms,warning,192.168.4.116
2025-08-01T08:59:57Z,LabShock-001,LabShock,latency,DO_01,250ms,warning,192.168.5.206
2025-08-01T08:13:43Z,LabShock-003,LabShock,spoofed_io,DO_01,fail,critical,10.0.0.254
2025-08-01T08:16:30Z,LabShock-002,LabShock,anomaly,comm_delay,250ms,warning,192.168.0.236
2025-08-01T08:34:31Z,LabShock-003,LabShock,latency,voltage_spike,fail,critical,10.0.0.254
2025-08-01T08:20:58Z,LabShock-003,LabShock,anomaly,comm_delay,fail,critical,10.0.0.254
2025-08-01T08:52:40Z,LabShock-001,LabShock,spoofed_io,voltage_spike,250ms,warning,192.168.2.206
2025-08-01T08:59:09Z,LabShock-003,LabShock,anomaly,DO_01,250ms,warning,192.168.2.137
2025-08-01T08:50:39Z,LabShock-001,LabShock,latency,comm_delay,1,critical,10.0.0.254
2025-08-01T08:53:31Z,LabShock-001,LabShock,latency,DO_01,250ms,warning,192.168.2.185
2025-08-01T08:33:16Z,LabShock-001,LabShock,spoofed_io,voltage_spike,350ms,critical,10.0.0.254
2025-08-01T08:38:26Z,LabShock-002,LabShock,anomaly,voltage_spike,fail,critical,192.168.99.99
2025-08-01T08:30:39Z,LabShock-003,LabShock,latency,DO_01,spike,critical,10.0.0.254
2025-08-01T08:04:40Z,LabShock-003,LabShock,anomaly,comm_delay,250ms,warning,192.168.0.156
2025-08-01T08:19:17Z,LabShock-003,LabShock,latency,DO_01,350ms,critical,192.168.99.99
2025-08-01T08:47:09Z,LabShock-003,LabShock,anomaly,voltage_spike,250ms,warning,192.168.2.146
2025-08-01T08:51:42Z,LabShock-002,LabShock,anomaly,comm_delay,250ms,warning,192.168.3.59
2025-08-01T08:14:07Z,LabShock-001,LabShock,anomaly,comm_delay,250ms,warning,192.168.5.34
2025-08-01T08:28:55Z,LabShock-003,LabShock,latency,DO_01,fail,critical,192.168.99.99
2025-08-01T08:27:48Z,LabShock-001,LabShock,anomaly,DO_01,1,critical,192.168.99.99
2025-08-01T08:20:52Z,LabShock-002,LabShock,spoofed_io,DO_01,fail,critical,192.168.99.99
2025-08-01T08:20:41Z,LabShock-001,LabShock,anomaly,DO_01,250ms,warning,192.168.1.47
2025-08-01T08:34:43Z,LabShock-001,LabShock,latency,voltage_spike,250ms,warning,192.168.0.196
2025-08-01T08:28:13Z,LabShock-001,LabShock,latency,voltage_spike,fail,critical,10.0.0.254
2025-08-01T08:40:19Z,LabShock-001,LabShock,anomaly,voltage_spike,250ms,warning,192.168.4.249
2025-08-01T08:58:53Z,LabShock-001,LabShock,spoofed_io,voltage_spike,spike,critical,192.168.99.99
2025-08-01T08:01:34Z,LabShock-002,LabShock,anomaly,DO_01,250ms,warning,192.168.0.27
2025-08-01T08:09:12Z,LabShock-002,LabShock,spoofed_io,comm_delay,250ms,warning,192.168.0.189
2025-08-01T08:57:28Z,LabShock-001,LabShock,anomaly,comm_delay,250ms,warning,192.168.0.122
2025-08-01T08:44:15Z,LabShock-002,LabShock,latency,comm_delay,350ms,critical,10.0.0.254
2025-08-01T08:17:11Z,LabShock-003,LabShock,spoofed_io,comm_delay,350ms,critical,192.168.99.99
2025-08-01T08:22:44Z,LabShock-002,LabShock,latency,DO_01,1,critical,192.168.99.99
2025-08-01T08:12:30Z,LabShock-002,LabShock,spoofed_io,DO_01,250ms,warning,192.168.1.254
2025-08-01T08:50:09Z,LabShock-002,LabShock,spoofed_io,voltage_spike,1,critical,192.168.99.99
2025-08-01T08:17:20Z,LabShock-003,LabShock,spoofed_io,comm_delay,350ms,critical,10.0.0.254
2025-08-01T08:00:26Z,LabShock-001,LabShock,latency,comm_delay,spike,critical,10.0.0.254
2025-08-01T08:56:40Z,LabShock-001,LabShock,anomaly,DO_01,fail,critical,192.168.99.99
2025-08-01T08:48:50Z,LabShock-003,LabShock,anomaly,voltage_spike,250ms,warning,192.168.5.117
2025-08-01T08:47:33Z,LabShock-001,LabShock,anomaly,voltage_spike,350ms,critical,192.168.99.99
2025-08-01T08:18:25Z,LabShock-002,LabShock,spoofed_io,comm_delay,spike,critical,10.0.0.254
2025-08-01T08:44:43Z,LabShock-002,LabShock,anomaly,voltage_spike,1,critical,10.0.0.254
2025-08-01T08:14:56Z,LabShock-002,LabShock,latency,DO_01,250ms,warning,192.168.5.129
2025-08-01T08:03:07Z,LabShock-001,LabShock,spoofed_io,voltage_spike,250ms,warning,192.168.2.145
2025-08-01T08:18:04Z,LabShock-001,LabShock,latency,comm_delay,350ms,critical,10.0.0.254
2025-08-01T08:30:03Z,LabShock-001,LabShock,latency,voltage_spike,350ms,critical,192.168.99.99
2025-08-01T08:11:08Z,LabShock-002,LabShock,anomaly,voltage_spike,1,critical,10.0.0.254
2025-08-01T08:43:49Z,LabShock-003,LabShock,spoofed_io,comm_delay,spike,critical,192.168.99.99
2025-08-01T08:13:08Z,LabShock-002,LabShock,anomaly,voltage_spike,250ms,warning,192.168.3.221
2025-08-01T08:35:38Z,LabShock-002,LabShock,anomaly,voltage_spike,250ms,warning,192.168.5.192
2025-08-01T08:07:30Z,LabShock-002,LabShock,latency,comm_delay,1,critical,10.0.0.254
2025-08-01T08:33:35Z,LabShock-003,LabShock,spoofed_io,comm_delay,350ms,critical,192.168.99.99
2025-08-01T08:26:37Z,LabShock-002,LabShock,latency,DO_01,250ms,warning,192.168.1.114
2025-08-01T08:02:16Z,LabShock-001,LabShock,latency,voltage_spike,250ms,warning,192.168.4.139
2025-08-01T08:03:35Z,LabShock-003,LabShock,spoofed_io,DO_01,1,critical,10.0.0.254
2025-08-01T09:00:05Z,LabShock-003,LabShock,latency,comm_delay,350ms,critical,192.168.99.99
2025-08-01T08:25:47Z,LabShock-003,LabShock,latency,DO_01,spike,critical,192.168.99.99
2025-08-01T08:36:09Z,LabShock-003,LabShock,latency,DO_01,250ms,warning,192.168.2.130
2025-08-01T08:19:25Z,LabShock-003,LabShock,latency,DO_01,1,critical,192.168.99.99
2025-08-01T08:21:57Z,LabShock-002,LabShock,spoofed_io,voltage_spike,350ms,critical,192.168.99.99
2025-08-01T08:32:27Z,LabShock-003,LabShock,anomaly,comm_delay,350ms,critical,10.0.0.254
2025-08-01T08:12:44Z,LabShock-002,LabShock,anomaly,voltage_spike,250ms,warning,192.168.3.51
2025-08-01T08:53:53Z,LabShock-003,LabShock,anomaly,voltage_spike,fail,critical,10.0.0.254
2025-08-01T08:31:14Z,LabShock-002,LabShock,anomaly,DO_01,350ms,critical,192.168.99.99
2025-08-01T08:18:31Z,LabShock-003,LabShock,latency,comm_delay,1,critical,192.168.99.99
2025-08-01T08:47:42Z,LabShock-002,LabShock,latency,DO_01,fail,critical,10.0.0.254
2025-08-01T08:23:53Z,LabShock-003,LabShock,spoofed_io,voltage_spike,250ms,warning,192.168.1.200
2025-08-01T08:32:38Z,LabShock-002,LabShock,spoofed_io,comm_delay,250ms,warning,192.168.4.197
2025-08-01T09:01:58Z,LabShock-002,LabShock,latency,DO_01,250ms,warning,192.168.0.193
2025-08-01T08:58:43Z,LabShock-003,LabShock,anomaly,DO_01,spike,critical,10.0.0.254
2025-08-01T08:42:12Z,LabShock-003,LabShock,spoofed_io,DO_01,250ms,warning,192.168.0.117
2025-08-01T08:06:50Z,LabShock-003,LabShock,latency,DO_01,250ms,warning,192.168.5.215
2025-08-01T08:49:44Z,LabShock-002,LabShock,latency,DO_01,250ms,warning,192.168.0.218
2025-08-01T08:39:08Z,LabShock-001,LabShock,latency,DO_01,350ms,critical,192.168.99.99
2025-08-01T08:10:45Z,LabShock-002,LabShock,latency,comm_delay,250ms,warning,192.168.1.39
2025-08-01T08:00:38Z,LabShock-003,LabShock,latency,DO_01,250ms,warning,192.168.1.196
2025-08-01T08:59:26Z,LabShock-001,LabShock,latency,DO_01,250ms,warning,192.168.1.207
2025-08-01T08:03:15Z,LabShock-003,LabShock,latency,DO_01,350ms,critical,10.0.0.254
2025-08-01T08:02:38Z,LabShock-001,LabShock,spoofed_io,comm_delay,fail,critical,192.168.99.99
2025-08-01T08:02:50Z,LabShock-002,LabShock,anomaly,DO_01,250ms,warning,192.168.4.27
2025-08-01T08:16:13Z,LabShock-003,LabShock,latency,voltage_spike,350ms,critical,192.168.99.99
2025-08-01T08:53:32Z,LabShock-001,LabShock,spoofed_io,comm_delay,1,critical,192.168.99.99
2025-08-01T08:01:51Z,LabShock-003,LabShock,latency,DO_01,250ms,warning,192.168.0.84
2025-08-01T08:28:33Z,LabShock-002,LabShock,latency,comm_delay,250ms,warning,192.168.1.90
2025-08-01T08:13:03Z,LabShock-002,LabShock,latency,DO_01,250ms,warning,192.168.1.102
2025-08-01T08:50:22Z,LabShock-003,LabShock,latency,DO_01,250ms,warning,192.168.3.122
2025-08-01T08:31:27Z,LabShock-001,LabShock,anomaly,comm_delay,250ms,warning,192.168.2.71
2025-08-01T08:52:44Z,LabShock-001,LabShock,latency,DO_01,350ms,critical,10.0.0.254
2025-08-01T08:29:21Z,LabShock-003,LabShock,anomaly,DO_01,250ms,warning,192.168.4.98
2025-08-01T08:13:35Z,LabShock-003,LabShock,anomaly,voltage_spike,250ms,warning,192.168.1.212
2025-08-01T08:45:19Z,LabShock-003,LabShock,spoofed_io,comm_delay,250ms,warning,192.168.3.15
2025-08-01T08:21:57Z,LabShock-003,LabShock,spoofed_io,voltage_spike,250ms,warning,192.168.1.51
2025-08-01T08:55:04Z,LabShock-003,LabShock,spoofed_io,DO_01,spike,critical,10.0.0.254
2025-08-01T08:44:18Z,LabShock-002,LabShock,latency,DO_01,250ms,warning,192.168.4.225
2025-08-01T08:32:12Z,LabShock-001,LabShock,anomaly,DO_01,350ms,critical,10.0.0.254
2025-08-01T08:06:29Z,LabShock-002,LabShock,anomaly,voltage_spike,250ms,warning,192.168.5.31
2025-08-01T08:21:06Z,LabShock-003,LabShock,anomaly,voltage_spike,1,critical,10.0.0.254
2025-08-01T08:04:05Z,LabShock-002,LabShock,anomaly,DO_01,250ms,warning,192.168.4.20
2025-08-01T08:16:23Z,LabShock-003,LabShock,spoofed_io,DO_01,350ms,critical,192.168.99.99
2025-08-01T08:52:49Z,LabShock-002,LabShock,spoofed_io,comm_delay,1,critical,192.168.99.99
2025-08-01T08:03:50Z,LabShock-001,LabShock,anomaly,voltage_spike,fail,critical,192.168.99.99
2025-08-01T08:24:35Z,LabShock-003,LabShock,anomaly,voltage_spike,250ms,warning,192.168.3.90
2025-08-01T08:57:45Z,LabShock-003,LabShock,spoofed_io,DO_01,1,critical,192.168.99.99
2025-08-01T08:21:48Z,LabShock-002,LabShock,spoofed_io,comm_delay,250ms,warning,192.168.1.227
2025-08-01T08:21:10Z,LabShock-003,LabShock,spoofed_io,voltage_spike,250ms,warning,192.168.4.48
2025-08-01T08:41:57Z,LabShock-003,LabShock,anomaly,voltage_spike,250ms,warning,192.168.5.150
2025-08-01T08:40:38Z,LabShock-001,LabShock,latency,voltage_spike,1,critical,10.0.0.254
2025-08-01T08:39:24Z,LabShock-003,LabShock,anomaly,DO_01,250ms,warning,192.168.4.204
2025-08-01T08:28:11Z,LabShock-002,LabShock,spoofed_io,comm_delay,250ms,warning,192.168.2.209
2025-08-01T08:42:24Z,LabShock-001,LabShock,spoofed_io,DO_01,1,critical,192.168.99.99
2025-08-01T08:07:25Z,LabShock-001,LabShock,anomaly,voltage_spike,250ms,warning,192.168.2.131
2025-08-01T08:06:43Z,LabShock-002,LabShock,latency,voltage_spike,250ms,warning,192.168.4.221
2025-08-01T08:43:32Z,LabShock-003,LabShock,latency,DO_01,250ms,warning,192.168.0.30
2025-08-01T08:40:03Z,LabShock-002,LabShock,latency,voltage_spike,250ms,warning,192.168.0.86
2025-08-01T08:54:03Z,LabShock-002,LabShock,anomaly,comm_delay,250ms,warning,192.168.0.106
2025-08-01T08:53:37Z,LabShock-002,LabShock,anomaly,voltage_spike,250ms,warning,192.168.2.179
2025-08-01T08:16:53Z,LabShock-002,LabShock,spoofed_io,DO_01,250ms,warning,192.168.5.84
2025-08-01T08:43:11Z,LabShock-002,LabShock,latency,comm_delay,250ms,warning,192.168.4.40
2025-08-01T09:01:14Z,LabShock-003,LabShock,latency,comm_delay,250ms,warning,192.168.2.132
2025-08-01T08:04:31Z,LabShock-002,LabShock,latency,voltage_spike,250ms,warning,192.168.3.22
2025-08-01T08:39:15Z,LabShock-003,LabShock,anomaly,comm_delay,250ms,warning,192.168.4.205
2025-08-01T08:36:45Z,LabShock-002,LabShock,spoofed_io,comm_delay,1,critical,10.0.0.254
2025-08-01T08:41:01Z,LabShock-003,LabShock,anomaly,DO_01,250ms,warning,192.168.5.85
2025-08-01T09:00:45Z,LabShock-002,LabShock,latency,DO_01,250ms,warning,192.168.3.54
2025-08-01T08:27:19Z,LabShock-002,LabShock,spoofed_io,DO_01,250ms,warning,192.168.1.38
2025-08-01T08:00:00Z,LabShock-003,LabShock,anomaly,DO_01,1,critical,192.168.99.99
2025-08-01T08:39:06Z,LabShock-002,LabShock,spoofed_io,DO_01,250ms,warning,192.168.5.208
2025-08-01T08:42:33Z,LabShock-003,LabShock,spoofed_io,comm_delay,fail,critical,192.168.99.99
2025-08-01T08:08:31Z,LabShock-003,LabShock,spoofed_io,voltage_spike,250ms,warning,192.168.1.198
2025-08-01T08:51:56Z,LabShock-003,LabShock,spoofed_io,voltage_spike,350ms,critical,192.168.99.99
2025-08-01T08:22:06Z,LabShock-002,LabShock,anomaly,voltage_spike,spike,critical,10.0.0.254
2025-08-01T08:48:59Z,LabShock-003,LabShock,spoofed_io,comm_delay,spike,critical,10.0.0.254
2025-08-01T08:28:47Z,LabShock-003,LabShock,latency,DO_01,350ms,critical,192.168.99.99
2025-08-01T08:36:38Z,LabShock-003,LabShock,spoofed_io,voltage_spike,250ms,warning,192.168.5.130
2025-08-01T08:31:43Z,LabShock-003,LabShock,anomaly,comm_delay,1,critical,10.0.0.254
2025-08-01T08:57:44Z,LabShock-001,LabShock,latency,comm_delay,250ms,warning,192.168.3.80
2025-08-01T08:12:57Z,LabShock-003,LabShock,anomaly,voltage_spike,250ms,warning,192.168.1.108
2025-08-01T08:01:10Z,LabShock-002,LabShock,anomaly,comm_delay,1,critical,10.0.0.254
2025-08-01T08:32:16Z,LabShock-002,LabShock,latency,voltage_spike,250ms,warning,192.168.3.220
2025-08-01T08:13:49Z,LabShock-003,LabShock,latency,comm_delay,250ms,warning,192.168.0.119
2025-08-01T08:18:38Z,LabShock-003,LabShock,anomaly,DO_01,1,critical,10.0.0.254
2025-08-01T08:55:41Z,LabShock-003,LabShock,anomaly,DO_01,250ms,warning,192.168.1.113
2025-08-01T08:15:59Z,LabShock-002,LabShock,latency,voltage_spike,1,critical,10.0.0.254
2025-08-01T08:20:07Z,LabShock-001,LabShock,spoofed_io,comm_delay,1,critical,10.0.0.254
2025-08-01T08:14:42Z,LabShock-001,LabShock,latency,DO_01,250ms,warning,192.168.1.234
2025-08-01T08:58:08Z,LabShock-003,LabShock,anomaly,DO_01,1,critical,10.0.0.254
2025-08-01T08:49:14Z,LabShock-001,LabShock,anomaly,DO_01,250ms,warning,192.168.4.183
2025-08-01T08:11:19Z,LabShock-002,LabShock,anomaly,comm_delay,250ms,warning,192.168.2.92
2025-08-01T08:54:50Z,LabShock-001,LabShock,spoofed_io,DO_01,250ms,warning,192.168.2.157
2025-08-01T08:49:19Z,LabShock-001,LabShock,latency,DO_01,250ms,warning,192.168.0.120
2025-08-01T08:34:26Z,LabShock-003,LabShock,latency,voltage_spike,250ms,warning,192.168.0.214
2025-08-01T09:01:32Z,LabShock-002,LabShock,latency,comm_delay,1,critical,192.168.99.99
2025-08-01T08:38:49Z,LabShock-003,LabShock,anomaly,voltage_spike,250ms,warning,192.168.1.248
